image_file,mask_file,max_boxes_x1,max_boxes_y1,max_boxes_x2,max_boxes_y2,min_boxes_x1,min_boxes_y1,min_boxes_x2,min_boxes_y2
ISIC_0000000.jpg,ISIC_0000000_Segmentation.png,51,47,899,635,199,216,755,585
ISIC_0000001.jpg,ISIC_0000001_Segmentation.png,362,231,647,481,418,258,597,463
ISIC_0000002.jpg,ISIC_0000002_Segmentation.png,247,136,865,734,332,296,765,584
ISIC_0000004.jpg,ISIC_0000004_Segmentation.png,181,57,719,718,273,164,632,604
ISIC_0000006.jpg,ISIC_0000006_Segmentation.png,335,192,619,533,381,265,569,476
ISIC_0000007.jpg,ISIC_0000007_Segmentation.png,347,235,688,531,401,320,603,467
ISIC_0000008.jpg,ISIC_0000008_Segmentation.png,200,85,807,714,318,178,712,554
ISIC_0000009.jpg,ISIC_0000009_Segmentation.png,185,156,733,629,268,184,540,524
ISIC_0000010.jpg,ISIC_0000010_Segmentation.png,351,223,601,568,370,282,549,500
ISIC_0000011.jpg,ISIC_0000011_Segmentation.png,244,154,753,574,370,206,646,482
ISIC_0000016.jpg,ISIC_0000016_Segmentation.png,248,28,735,512,303,129,670,370
ISIC_0000017.jpg,ISIC_0000017_Segmentation.png,427,264,992,869,576,316,952,769
ISIC_0000018.jpg,ISIC_0000018_Segmentation.png,195,224,1164,851,485,288,949,744
ISIC_0000019.jpg,ISIC_0000019_Segmentation.png,210,227,1142,1013,402,331,1031,860
ISIC_0000021.jpg,ISIC_0000021_Segmentation.png,259,115,1083,1049,549,276,852,920
ISIC_0000024.jpg,ISIC_0000024_Segmentation.png,341,133,1270,1034,458,287,1108,772
ISIC_0000025.jpg,ISIC_0000025_Segmentation.png,400,254,1087,964,527,382,949,828
ISIC_0000026.jpg,ISIC_0000026_Segmentation.png,80,88,1461,1060,208,327,1226,781
ISIC_0000028.jpg,ISIC_0000028_Segmentation.png,277,278,1164,933,435,392,934,784
ISIC_0000029.jpg,ISIC_0000029_Segmentation.png,301,102,1240,1064,455,294,1097,866
ISIC_0000030.jpg,ISIC_0000030_Segmentation.png,247,23,1371,1107,434,280,1042,933
ISIC_0000031.jpg,ISIC_0000031_Segmentation.png,187,150,1193,1005,388,367,1079,843
ISIC_0000032.jpg,ISIC_0000032_Segmentation.png,312,193,1132,1064,418,363,969,1004
ISIC_0000034.jpg,ISIC_0000034_Segmentation.png,375,336,1256,865,510,440,1099,804
ISIC_0000035.jpg,ISIC_0000035_Segmentation.png,174,85,1325,1011,352,232,1157,844
ISIC_0000038.jpg,ISIC_0000038_Segmentation.png,16,135,1380,1054,242,291,1232,899
ISIC_0000039.jpg,ISIC_0000039_Segmentation.png,351,244,1086,927,477,311,926,833
ISIC_0000041.jpg,ISIC_0000041_Segmentation.png,438,308,815,765,511,434,758,678
ISIC_0000042.jpg,ISIC_0000042_Segmentation.png,314,124,1163,1055,482,328,1107,861
ISIC_0000044.jpg,ISIC_0000044_Segmentation.png,119,78,1345,1005,416,198,1169,923
ISIC_0000045.jpg,ISIC_0000045_Segmentation.png,226,19,1081,868,435,172,976,766
ISIC_0000046.jpg,ISIC_0000046_Segmentation.png,158,150,1260,973,324,224,953,819
ISIC_0000047.jpg,ISIC_0000047_Segmentation.png,256,200,1037,928,493,309,934,833
ISIC_0000048.jpg,ISIC_0000048_Segmentation.png,387,287,851,942,537,363,779,876
ISIC_0000049.jpg,ISIC_0000049_Segmentation.png,112,3,1419,1071,451,53,1093,997
ISIC_0000050.jpg,ISIC_0000050_Segmentation.png,304,196,1324,919,542,328,1063,805
ISIC_0000051.jpg,ISIC_0000051_Segmentation.png,212,192,1209,989,539,276,1099,651
ISIC_0000054.jpg,ISIC_0000054_Segmentation.png,352,260,1100,981,439,476,982,810
ISIC_0000055.jpg,ISIC_0000055_Segmentation.png,426,77,1469,1125,742,290,1172,951
ISIC_0000058.jpg,ISIC_0000058_Segmentation.png,231,78,1322,1096,371,343,1029,935
ISIC_0000059.jpg,ISIC_0000059_Segmentation.png,139,152,1245,1021,299,247,1163,813
ISIC_0000060.jpg,ISIC_0000060_Segmentation.png,112,94,1152,1118,296,219,980,994
ISIC_0000061.jpg,ISIC_0000061_Segmentation.png,309,204,1201,1035,443,347,1092,849
ISIC_0000062.jpg,ISIC_0000062_Segmentation.png,508,311,873,849,565,367,780,716
ISIC_0000063.jpg,ISIC_0000063_Segmentation.png,211,116,1214,1124,523,358,1049,1084
ISIC_0000065.jpg,ISIC_0000065_Segmentation.png,171,315,1343,847,421,420,1079,770
ISIC_0000067.jpg,ISIC_0000067_Segmentation.png,125,86,607,630,204,187,529,544
ISIC_0000068.jpg,ISIC_0000068_Segmentation.png,92,131,786,631,196,214,655,554
ISIC_0000073.jpg,ISIC_0000073_Segmentation.png,130,128,894,625,232,252,752,552
ISIC_0000074.jpg,ISIC_0000074_Segmentation.png,41,51,1014,635,350,210,751,501
ISIC_0000075.jpg,ISIC_0000075_Segmentation.png,77,2,940,760,259,114,816,636
ISIC_0000077.jpg,ISIC_0000077_Segmentation.png,275,175,1257,1116,503,220,1079,970
ISIC_0000078.jpg,ISIC_0000078_Segmentation.png,508,306,1017,862,645,367,926,678
ISIC_0000079.jpg,ISIC_0000079_Segmentation.png,487,402,963,765,603,498,874,697
ISIC_0000080.jpg,ISIC_0000080_Segmentation.png,677,462,1880,1497,901,649,1661,1346
ISIC_0000081.jpg,ISIC_0000081_Segmentation.png,563,420,1327,1188,797,544,1108,1068
ISIC_0000082.jpg,ISIC_0000082_Segmentation.png,546,129,1546,1312,679,533,1423,1091
ISIC_0000085.jpg,ISIC_0000085_Segmentation.png,653,447,1474,1206,799,597,1338,1044
ISIC_0000086.jpg,ISIC_0000086_Segmentation.png,391,486,2117,1417,654,626,1894,1266
ISIC_0000087.jpg,ISIC_0000087_Segmentation.png,251,245,1912,1222,550,502,1706,1038
ISIC_0000089.jpg,ISIC_0000089_Segmentation.png,748,304,1328,1324,926,441,1213,1124
ISIC_0000091.jpg,ISIC_0000091_Segmentation.png,614,370,1296,1211,698,505,1146,1043
ISIC_0000093.jpg,ISIC_0000093_Segmentation.png,727,495,1406,1152,872,588,1289,1057
ISIC_0000094.jpg,ISIC_0000094_Segmentation.png,816,566,1475,981,966,644,1321,922
ISIC_0000095.jpg,ISIC_0000095_Segmentation.png,797,463,1309,1126,886,607,1193,1018
ISIC_0000096.jpg,ISIC_0000096_Segmentation.png,484,211,1705,1182,590,482,1557,997
ISIC_0000097.jpg,ISIC_0000097_Segmentation.png,441,193,1684,1166,662,366,1270,891
ISIC_0000100.jpg,ISIC_0000100_Segmentation.png,537,100,1876,1635,783,384,1627,1385
ISIC_0000102.jpg,ISIC_0000102_Segmentation.png,839,599,1188,959,877,649,1084,856
ISIC_0000103.jpg,ISIC_0000103_Segmentation.png,135,116,1541,1315,358,281,1283,1142
ISIC_0000104.jpg,ISIC_0000104_Segmentation.png,503,321,1615,1180,601,502,1474,1063
ISIC_0000105.jpg,ISIC_0000105_Segmentation.png,867,473,1598,1196,1060,602,1502,1011
ISIC_0000108.jpg,ISIC_0000108_Segmentation.png,679,357,1633,1161,881,446,1435,1078
ISIC_0000109.jpg,ISIC_0000109_Segmentation.png,229,132,1676,1526,580,445,1520,1043
ISIC_0000110.jpg,ISIC_0000110_Segmentation.png,617,429,1435,952,774,537,1340,870
ISIC_0000112.jpg,ISIC_0000112_Segmentation.png,551,233,1589,1104,808,368,1401,983
ISIC_0000114.jpg,ISIC_0000114_Segmentation.png,953,675,1279,1065,1020,734,1236,1007
ISIC_0000116.jpg,ISIC_0000116_Segmentation.png,130,173,1538,1345,507,425,1419,1133
ISIC_0000118.jpg,ISIC_0000118_Segmentation.png,806,541,1387,1180,967,646,1331,1011
ISIC_0000119.jpg,ISIC_0000119_Segmentation.png,661,292,1424,1278,863,517,1332,1122
ISIC_0000120.jpg,ISIC_0000120_Segmentation.png,339,72,1620,1461,640,291,1410,1326
ISIC_0000121.jpg,ISIC_0000121_Segmentation.png,382,290,1487,1360,498,474,1312,1062
ISIC_0000122.jpg,ISIC_0000122_Segmentation.png,379,247,1831,1290,643,441,1728,1112
ISIC_0000123.jpg,ISIC_0000123_Segmentation.png,525,303,1649,1044,656,553,1342,930
ISIC_0000124.jpg,ISIC_0000124_Segmentation.png,534,177,1485,1332,689,375,1344,1088
ISIC_0000127.jpg,ISIC_0000127_Segmentation.png,219,8,1711,1380,579,322,1343,1101
ISIC_0000128.jpg,ISIC_0000128_Segmentation.png,616,375,1479,1149,745,508,1347,987
ISIC_0000130.jpg,ISIC_0000130_Segmentation.png,457,259,1498,1289,705,376,1322,1025
ISIC_0000131.jpg,ISIC_0000131_Segmentation.png,467,97,1508,1112,621,277,1361,960
ISIC_0000133.jpg,ISIC_0000133_Segmentation.png,803,349,1549,1128,942,513,1457,1027
ISIC_0000134.jpg,ISIC_0000134_Segmentation.png,861,391,1315,1196,916,502,1205,1081
ISIC_0000135.jpg,ISIC_0000135_Segmentation.png,765,532,1533,1298,918,701,1430,1158
ISIC_0000137.jpg,ISIC_0000137_Segmentation.png,468,321,1796,1146,658,430,1650,890
ISIC_0000139.jpg,ISIC_0000139_Segmentation.png,713,321,2153,1767,1056,498,2040,1450
ISIC_0000140.jpg,ISIC_0000140_Segmentation.png,746,203,2419,1901,883,528,1956,1671
ISIC_0000142.jpg,ISIC_0000142_Segmentation.png,471,227,1707,1390,702,402,1511,1248
ISIC_0000143.jpg,ISIC_0000143_Segmentation.png,487,528,2098,1669,752,849,1896,1507
ISIC_0000145.jpg,ISIC_0000145_Segmentation.png,502,109,1527,1316,636,241,1327,1183
ISIC_0000146.jpg,ISIC_0000146_Segmentation.png,387,133,1650,1325,622,363,1481,1189
ISIC_0000147.jpg,ISIC_0000147_Segmentation.png,367,51,1779,1464,497,288,1488,1262
ISIC_0000148.jpg,ISIC_0000148_Segmentation.png,991,359,2002,1662,1321,538,1726,1544
ISIC_0000150.jpg,ISIC_0000150_Segmentation.png,285,234,1675,1322,745,377,1551,1156
ISIC_0000151.jpg,ISIC_0000151_Segmentation.png,578,423,1431,993,921,480,1282,858
ISIC_0000152.jpg,ISIC_0000152_Segmentation.png,826,173,1996,1505,996,463,1820,1328
ISIC_0000153.jpg,ISIC_0000153_Segmentation.png,525,257,1986,1656,816,630,1776,1388
ISIC_0000154.jpg,ISIC_0000154_Segmentation.png,753,369,1516,1053,934,449,1263,859
ISIC_0000155.jpg,ISIC_0000155_Segmentation.png,342,40,1814,1504,601,265,1571,1094
ISIC_0000156.jpg,ISIC_0000156_Segmentation.png,407,109,1542,1452,847,311,1308,1192
ISIC_0000157.jpg,ISIC_0000157_Segmentation.png,230,74,755,605,332,138,653,508
ISIC_0000159.jpg,ISIC_0000159_Segmentation.png,282,70,836,717,377,149,768,539
ISIC_0000162.jpg,ISIC_0000162_Segmentation.png,159,20,808,566,206,173,722,460
ISIC_0000163.jpg,ISIC_0000163_Segmentation.png,178,106,798,551,271,157,617,405
ISIC_0000166.jpg,ISIC_0000166_Segmentation.png,93,4,615,501,126,99,519,409
ISIC_0000167.jpg,ISIC_0000167_Segmentation.png,233,6,694,501,341,29,648,387
ISIC_0000170.jpg,ISIC_0000170_Segmentation.png,150,68,710,428,181,143,631,354
ISIC_0000171.jpg,ISIC_0000171_Segmentation.png,116,71,819,677,240,192,693,606
ISIC_0000173.jpg,ISIC_0000173_Segmentation.png,65,65,612,425,167,176,558,387
ISIC_0000175.jpg,ISIC_0000175_Segmentation.png,240,97,666,561,358,145,575,469
ISIC_0000176.jpg,ISIC_0000176_Segmentation.png,205,233,758,678,313,260,600,642
ISIC_0000179.jpg,ISIC_0000179_Segmentation.png,261,124,1389,961,495,213,1274,666
ISIC_0000181.jpg,ISIC_0000181_Segmentation.png,678,82,1257,859,750,218,1133,721
ISIC_0000182.jpg,ISIC_0000182_Segmentation.png,397,170,1154,895,500,324,1073,780
ISIC_0000183.jpg,ISIC_0000183_Segmentation.png,170,37,854,703,288,181,782,605
ISIC_0000184.jpg,ISIC_0000184_Segmentation.png,201,73,939,627,324,193,837,553
ISIC_0000185.jpg,ISIC_0000185_Segmentation.png,222,138,722,682,283,298,644,594
ISIC_0000186.jpg,ISIC_0000186_Segmentation.png,381,157,714,449,419,202,672,412
ISIC_0000187.jpg,ISIC_0000187_Segmentation.png,66,3,717,541,128,70,658,496
ISIC_0000189.jpg,ISIC_0000189_Segmentation.png,359,144,1270,1049,557,317,1188,955
ISIC_0000190.jpg,ISIC_0000190_Segmentation.png,41,10,640,542,172,143,573,512
ISIC_0000191.jpg,ISIC_0000191_Segmentation.png,514,286,1139,712,638,346,1071,624
ISIC_0000192.jpg,ISIC_0000192_Segmentation.png,29,69,1305,910,279,267,1157,785
ISIC_0000193.jpg,ISIC_0000193_Segmentation.png,145,141,826,568,264,200,740,502
ISIC_0000199.jpg,ISIC_0000199_Segmentation.png,135,92,568,463,204,152,491,393
ISIC_0000203.jpg,ISIC_0000203_Segmentation.png,0,0,1501,1049,264,54,1376,1047
ISIC_0000204.jpg,ISIC_0000204_Segmentation.png,210,0,1209,1014,356,182,1003,911
ISIC_0000205.jpg,ISIC_0000205_Segmentation.png,97,1,1443,983,346,146,1289,801
ISIC_0000206.jpg,ISIC_0000206_Segmentation.png,359,274,1106,868,530,389,932,750
ISIC_0000207.jpg,ISIC_0000207_Segmentation.png,3,1,1058,698,225,68,972,665
ISIC_0000208.jpg,ISIC_0000208_Segmentation.png,247,4,1501,1050,445,180,1471,925
ISIC_0000209.jpg,ISIC_0000209_Segmentation.png,51,3,641,527,193,44,555,440
ISIC_0000210.jpg,ISIC_0000210_Segmentation.png,255,181,485,370,296,208,460,340
ISIC_0000211.jpg,ISIC_0000211_Segmentation.png,289,158,650,483,341,211,596,430
ISIC_0000214.jpg,ISIC_0000214_Segmentation.png,211,115,921,492,376,236,826,380
ISIC_0000215.jpg,ISIC_0000215_Segmentation.png,1,2,904,673,102,98,758,571
ISIC_0000216.jpg,ISIC_0000216_Segmentation.png,200,57,865,599,295,163,783,511
ISIC_0000217.jpg,ISIC_0000217_Segmentation.png,61,2,831,578,187,71,744,509
ISIC_0000218.jpg,ISIC_0000218_Segmentation.png,263,229,1127,768,371,331,1016,684
ISIC_0000219.jpg,ISIC_0000219_Segmentation.png,145,7,771,546,237,64,580,473
ISIC_0000220.jpg,ISIC_0000220_Segmentation.png,231,224,610,516,298,276,546,476
ISIC_0000221.jpg,ISIC_0000221_Segmentation.png,350,153,746,490,407,216,686,444
ISIC_0000223.jpg,ISIC_0000223_Segmentation.png,10,78,955,575,189,193,851,494
ISIC_0000224.jpg,ISIC_0000224_Segmentation.png,130,2,825,639,235,68,681,633
ISIC_0000225.jpg,ISIC_0000225_Segmentation.png,261,252,569,567,334,322,529,532
ISIC_0000229.jpg,ISIC_0000229_Segmentation.png,47,51,869,563,148,204,774,405
ISIC_0000232.jpg,ISIC_0000232_Segmentation.png,265,103,645,491,308,165,600,418
ISIC_0000235.jpg,ISIC_0000235_Segmentation.png,57,13,648,540,163,89,565,505
ISIC_0000236.jpg,ISIC_0000236_Segmentation.png,34,30,862,681,226,118,680,625
ISIC_0000237.jpg,ISIC_0000237_Segmentation.png,124,88,799,641,223,153,682,583
ISIC_0000239.jpg,ISIC_0000239_Segmentation.png,169,109,892,688,260,159,681,623
ISIC_0000240.jpg,ISIC_0000240_Segmentation.png,306,174,755,582,337,263,715,489
ISIC_0000242.jpg,ISIC_0000242_Segmentation.png,80,105,961,614,281,184,654,549
ISIC_0000243.jpg,ISIC_0000243_Segmentation.png,34,97,492,686,119,180,401,599
ISIC_0000244.jpg,ISIC_0000244_Segmentation.png,160,39,691,664,266,175,608,609
ISIC_0000245.jpg,ISIC_0000245_Segmentation.png,114,83,903,701,248,202,769,622
ISIC_0000247.jpg,ISIC_0000247_Segmentation.png,353,169,679,539,394,226,634,470
ISIC_0000249.jpg,ISIC_0000249_Segmentation.png,264,263,764,617,352,301,642,557
ISIC_0000250.jpg,ISIC_0000250_Segmentation.png,157,108,868,591,286,163,714,504
ISIC_0000251.jpg,ISIC_0000251_Segmentation.png,334,245,724,548,414,303,638,494
ISIC_0000252.jpg,ISIC_0000252_Segmentation.png,112,160,450,564,169,220,371,475
ISIC_0000255.jpg,ISIC_0000255_Segmentation.png,192,179,756,558,293,244,635,516
ISIC_0000256.jpg,ISIC_0000256_Segmentation.png,395,218,639,527,430,239,592,465
ISIC_0000259.jpg,ISIC_0000259_Segmentation.png,0,3,1023,767,149,114,836,753
ISIC_0000260.jpg,ISIC_0000260_Segmentation.png,247,151,698,552,324,249,642,491
ISIC_0000261.jpg,ISIC_0000261_Segmentation.png,368,225,666,520,420,270,619,469
ISIC_0000262.jpg,ISIC_0000262_Segmentation.png,203,281,418,481,237,329,356,451
ISIC_0000263.jpg,ISIC_0000263_Segmentation.png,206,156,692,648,292,240,572,595
ISIC_0000264.jpg,ISIC_0000264_Segmentation.png,75,56,938,648,146,203,829,564
ISIC_0000265.jpg,ISIC_0000265_Segmentation.png,331,104,814,669,403,199,717,574
ISIC_0000268.jpg,ISIC_0000268_Segmentation.png,64,155,1017,748,241,291,903,661
ISIC_0000269.jpg,ISIC_0000269_Segmentation.png,102,207,430,568,151,258,381,501
ISIC_0000274.jpg,ISIC_0000274_Segmentation.png,130,170,863,634,226,264,712,569
ISIC_0000275.jpg,ISIC_0000275_Segmentation.png,434,221,681,613,491,296,637,537
ISIC_0000276.jpg,ISIC_0000276_Segmentation.png,187,5,800,732,276,74,691,570
ISIC_0000277.jpg,ISIC_0000277_Segmentation.png,115,78,839,702,207,198,753,632
ISIC_0000278.jpg,ISIC_0000278_Segmentation.png,34,10,854,679,88,92,692,527
ISIC_0000280.jpg,ISIC_0000280_Segmentation.png,31,0,911,748,204,107,716,619
ISIC_0000281.jpg,ISIC_0000281_Segmentation.png,236,195,863,673,333,264,764,583
ISIC_0000282.jpg,ISIC_0000282_Segmentation.png,100,1,806,695,266,97,676,569
ISIC_0000283.jpg,ISIC_0000283_Segmentation.png,268,179,736,569,318,315,660,466
ISIC_0000285.jpg,ISIC_0000285_Segmentation.png,67,1,899,767,193,205,785,688
ISIC_0000288.jpg,ISIC_0000288_Segmentation.png,0,1,1019,766,123,91,842,617
ISIC_0000290.jpg,ISIC_0000290_Segmentation.png,163,111,867,594,297,260,790,549
ISIC_0000292.jpg,ISIC_0000292_Segmentation.png,19,2,868,764,104,94,770,631
ISIC_0000293.jpg,ISIC_0000293_Segmentation.png,60,1,1023,767,278,61,956,697
ISIC_0000294.jpg,ISIC_0000294_Segmentation.png,6,12,1021,721,64,133,892,592
ISIC_0000295.jpg,ISIC_0000295_Segmentation.png,60,2,735,574,120,110,629,530
ISIC_0000297.jpg,ISIC_0000297_Segmentation.png,253,90,510,334,286,127,477,297
ISIC_0000300.jpg,ISIC_0000300_Segmentation.png,56,4,571,571,131,148,464,526
ISIC_0000301.jpg,ISIC_0000301_Segmentation.png,2,1,766,575,193,4,654,573
ISIC_0000303.jpg,ISIC_0000303_Segmentation.png,0,1,765,574,53,91,689,537
ISIC_0000307.jpg,ISIC_0000307_Segmentation.png,0,1,706,570,62,3,617,469
ISIC_0000313.jpg,ISIC_0000313_Segmentation.png,223,133,653,457,300,198,538,428
ISIC_0000314.jpg,ISIC_0000314_Segmentation.png,145,51,617,472,234,143,559,406
ISIC_0000315.jpg,ISIC_0000315_Segmentation.png,181,78,518,411,255,141,434,318
ISIC_0000316.jpg,ISIC_0000316_Segmentation.png,151,39,627,541,250,139,528,453
ISIC_0000317.jpg,ISIC_0000317_Segmentation.png,247,161,366,330,277,193,353,310
ISIC_0000321.jpg,ISIC_0000321_Segmentation.png,121,3,676,453,198,52,591,367
ISIC_0000322.jpg,ISIC_0000322_Segmentation.png,77,85,589,396,169,122,532,369
ISIC_0000323.jpg,ISIC_0000323_Segmentation.png,239,121,470,345,261,165,433,300
ISIC_0000324.jpg,ISIC_0000324_Segmentation.png,161,35,600,510,288,77,510,469
ISIC_0000326.jpg,ISIC_0000326_Segmentation.png,220,143,518,482,296,185,456,426
ISIC_0000329.jpg,ISIC_0000329_Segmentation.png,210,112,484,425,252,151,440,367
ISIC_0000330.jpg,ISIC_0000330_Segmentation.png,219,68,596,350,295,118,518,306
ISIC_0000331.jpg,ISIC_0000331_Segmentation.png,122,134,551,534,215,209,512,473
ISIC_0000332.jpg,ISIC_0000332_Segmentation.png,206,75,497,359,264,124,453,314
ISIC_0000333.jpg,ISIC_0000333_Segmentation.png,166,37,511,458,277,119,478,416
ISIC_0000336.jpg,ISIC_0000336_Segmentation.png,189,103,491,402,302,144,432,339
ISIC_0000337.jpg,ISIC_0000337_Segmentation.png,105,6,674,545,196,140,632,455
ISIC_0000338.jpg,ISIC_0000338_Segmentation.png,210,147,494,484,284,236,461,416
ISIC_0000339.jpg,ISIC_0000339_Segmentation.png,227,74,531,330,288,118,498,297
ISIC_0000341.jpg,ISIC_0000341_Segmentation.png,194,43,581,450,294,98,464,374
ISIC_0000342.jpg,ISIC_0000342_Segmentation.png,156,126,518,436,207,197,473,354
ISIC_0000344.jpg,ISIC_0000344_Segmentation.png,87,47,623,546,128,230,543,443
ISIC_0000345.jpg,ISIC_0000345_Segmentation.png,274,184,435,352,306,228,422,331
ISIC_0000346.jpg,ISIC_0000346_Segmentation.png,193,126,563,507,255,200,487,437
ISIC_0000347.jpg,ISIC_0000347_Segmentation.png,209,194,421,396,236,230,388,357
ISIC_0000348.jpg,ISIC_0000348_Segmentation.png,204,118,589,468,247,182,547,347
ISIC_0000349.jpg,ISIC_0000349_Segmentation.png,211,127,474,393,238,177,438,370
ISIC_0000350.jpg,ISIC_0000350_Segmentation.png,82,166,565,436,214,219,511,343
ISIC_0000351.jpg,ISIC_0000351_Segmentation.png,205,192,572,393,273,229,532,357
ISIC_0000352.jpg,ISIC_0000352_Segmentation.png,258,165,504,425,294,206,445,376
ISIC_0000353.jpg,ISIC_0000353_Segmentation.png,156,129,567,496,239,219,502,432
ISIC_0000355.jpg,ISIC_0000355_Segmentation.png,102,50,542,568,166,124,416,502
ISIC_0000358.jpg,ISIC_0000358_Segmentation.png,236,72,533,396,269,136,492,361
ISIC_0000359.jpg,ISIC_0000359_Segmentation.png,46,1,713,571,155,91,593,495
ISIC_0000360.jpg,ISIC_0000360_Segmentation.png,273,223,476,447,309,239,440,413
ISIC_0000361.jpg,ISIC_0000361_Segmentation.png,159,53,622,515,233,160,524,438
ISIC_0000363.jpg,ISIC_0000363_Segmentation.png,188,148,631,481,250,172,479,353
ISIC_0000364.jpg,ISIC_0000364_Segmentation.png,80,11,634,564,200,67,494,494
ISIC_0000365.jpg,ISIC_0000365_Segmentation.png,204,163,504,447,250,224,475,394
ISIC_0000366.jpg,ISIC_0000366_Segmentation.png,215,133,411,367,271,173,386,284
ISIC_0000367.jpg,ISIC_0000367_Segmentation.png,144,90,638,501,247,139,562,428
ISIC_0000369.jpg,ISIC_0000369_Segmentation.png,123,51,574,537,236,126,493,456
ISIC_0000370.jpg,ISIC_0000370_Segmentation.png,146,81,618,509,246,140,560,474
ISIC_0000372.jpg,ISIC_0000372_Segmentation.png,40,123,536,456,139,198,486,412
ISIC_0000374.jpg,ISIC_0000374_Segmentation.png,213,106,498,430,272,191,471,366
ISIC_0000376.jpg,ISIC_0000376_Segmentation.png,671,131,1921,1685,854,513,1716,1460
ISIC_0000379.jpg,ISIC_0000379_Segmentation.png,517,333,2726,2223,1322,744,2493,1989
ISIC_0000381.jpg,ISIC_0000381_Segmentation.png,138,410,1669,1899,674,745,1448,1519
ISIC_0000382.jpg,ISIC_0000382_Segmentation.png,317,475,1746,1882,728,616,1515,1435
ISIC_0000383.jpg,ISIC_0000383_Segmentation.png,460,397,1772,1670,697,726,1564,1551
ISIC_0000384.jpg,ISIC_0000384_Segmentation.png,776,885,1554,1568,984,1011,1466,1405
ISIC_0000385.jpg,ISIC_0000385_Segmentation.png,839,495,2209,1867,1109,880,1967,1661
ISIC_0000386.jpg,ISIC_0000386_Segmentation.png,895,701,2139,1998,1182,904,2003,1822
ISIC_0000387.jpg,ISIC_0000387_Segmentation.png,737,643,1721,1849,1103,970,1523,1593
ISIC_0000390.jpg,ISIC_0000390_Segmentation.png,466,581,3068,2176,881,870,2469,1917
ISIC_0000391.jpg,ISIC_0000391_Segmentation.png,499,260,2414,2146,841,466,1968,1784
ISIC_0000395.jpg,ISIC_0000395_Segmentation.png,199,248,2177,2287,528,534,1709,1763
ISIC_0000396.jpg,ISIC_0000396_Segmentation.png,594,386,2106,1750,815,536,1866,1522
ISIC_0000397.jpg,ISIC_0000397_Segmentation.png,682,320,2192,1978,964,711,1878,1665
ISIC_0000403.jpg,ISIC_0000403_Segmentation.png,998,541,2000,1944,1139,705,1784,1471
ISIC_0000408.jpg,ISIC_0000408_Segmentation.png,4,109,3071,2087,565,390,2413,1830
ISIC_0000409.jpg,ISIC_0000409_Segmentation.png,808,561,1645,1313,950,679,1514,1096
ISIC_0000410.jpg,ISIC_0000410_Segmentation.png,496,2,1661,1369,1018,451,1540,1194
ISIC_0000412.jpg,ISIC_0000412_Segmentation.png,485,211,2436,2171,894,720,2215,1523
ISIC_0000413.jpg,ISIC_0000413_Segmentation.png,230,382,2988,2198,692,803,2536,1803
ISIC_0000415.jpg,ISIC_0000415_Segmentation.png,97,1,2972,2300,1382,337,2546,1387
ISIC_0000416.jpg,ISIC_0000416_Segmentation.png,833,421,1864,1804,1058,713,1689,1527
ISIC_0000419.jpg,ISIC_0000419_Segmentation.png,590,141,2584,2216,750,910,1683,2006
ISIC_0000421.jpg,ISIC_0000421_Segmentation.png,796,440,2160,1916,946,861,1941,1583
ISIC_0000423.jpg,ISIC_0000423_Segmentation.png,464,409,2404,1976,757,626,2111,1706
ISIC_0000425.jpg,ISIC_0000425_Segmentation.png,454,47,2582,2200,1142,647,2118,1853
ISIC_0000426.jpg,ISIC_0000426_Segmentation.png,145,7,3071,2171,1547,72,2900,1194
ISIC_0000427.jpg,ISIC_0000427_Segmentation.png,614,241,2206,2072,1014,650,2048,1740
ISIC_0000431.jpg,ISIC_0000431_Segmentation.png,1129,410,2099,1670,1257,616,1765,1350
ISIC_0000434.jpg,ISIC_0000434_Segmentation.png,543,67,2434,1694,941,604,2111,1546
ISIC_0000436.jpg,ISIC_0000436_Segmentation.png,197,31,2410,2256,741,393,1919,1823
ISIC_0000439.jpg,ISIC_0000439_Segmentation.png,961,621,1859,1442,1131,669,1646,1287
ISIC_0000442.jpg,ISIC_0000442_Segmentation.png,835,457,2316,1835,1074,608,1932,1408
ISIC_0000443.jpg,ISIC_0000443_Segmentation.png,1105,542,2072,1519,1255,601,1796,1317
ISIC_0000444.jpg,ISIC_0000444_Segmentation.png,892,444,2124,1522,1242,716,1809,1359
ISIC_0000445.jpg,ISIC_0000445_Segmentation.png,1058,656,2327,1666,1314,809,2226,1395
ISIC_0000447.jpg,ISIC_0000447_Segmentation.png,641,777,1301,1477,754,909,1060,1378
ISIC_0000451.jpg,ISIC_0000451_Segmentation.png,790,734,2126,1963,1015,961,1975,1698
ISIC_0000452.jpg,ISIC_0000452_Segmentation.png,223,389,1656,2125,404,640,1476,1964
ISIC_0000453.jpg,ISIC_0000453_Segmentation.png,916,379,2353,2120,1230,879,2076,1823
ISIC_0000454.jpg,ISIC_0000454_Segmentation.png,403,47,2423,2085,1049,286,2024,1863
ISIC_0000455.jpg,ISIC_0000455_Segmentation.png,262,422,1841,1524,687,622,1596,1295
ISIC_0000457.jpg,ISIC_0000457_Segmentation.png,254,28,816,651,369,95,718,562
ISIC_0000458.jpg,ISIC_0000458_Segmentation.png,217,160,696,682,282,213,565,569
ISIC_0000460.jpg,ISIC_0000460_Segmentation.png,154,200,685,571,285,270,602,444
ISIC_0000461.jpg,ISIC_0000461_Segmentation.png,122,194,826,682,193,290,691,586
ISIC_0000463.jpg,ISIC_0000463_Segmentation.png,749,99,2190,1578,929,275,2065,1266
ISIC_0000465.jpg,ISIC_0000465_Segmentation.png,281,175,629,647,326,306,532,590
ISIC_0000467.jpg,ISIC_0000467_Segmentation.png,9,10,912,796,242,180,846,626
ISIC_0000468.jpg,ISIC_0000468_Segmentation.png,70,35,887,798,164,99,694,607
ISIC_0000469.jpg,ISIC_0000469_Segmentation.png,216,63,747,650,297,303,622,584
ISIC_0000471.jpg,ISIC_0000471_Segmentation.png,292,194,630,629,340,272,584,556
ISIC_0000473.jpg,ISIC_0000473_Segmentation.png,962,415,2129,1627,1089,503,1716,1364
ISIC_0000474.jpg,ISIC_0000474_Segmentation.png,58,80,864,748,310,147,725,600
ISIC_0000475.jpg,ISIC_0000475_Segmentation.png,125,50,758,798,309,173,630,600
ISIC_0000477.jpg,ISIC_0000477_Segmentation.png,218,98,747,764,283,154,653,627
ISIC_0000478.jpg,ISIC_0000478_Segmentation.png,49,1,887,798,171,206,698,714
ISIC_0000480.jpg,ISIC_0000480_Segmentation.png,200,121,611,633,337,185,551,551
ISIC_0000481.jpg,ISIC_0000481_Segmentation.png,2,10,918,801,269,158,883,633
ISIC_0000483.jpg,ISIC_0000483_Segmentation.png,148,116,772,631,244,207,692,580
ISIC_0000485.jpg,ISIC_0000485_Segmentation.png,3,0,915,798,324,181,743,656
ISIC_0000486.jpg,ISIC_0000486_Segmentation.png,243,168,642,649,330,229,576,555
ISIC_0000488.jpg,ISIC_0000488_Segmentation.png,203,225,751,541,285,282,638,463
ISIC_0000489.jpg,ISIC_0000489_Segmentation.png,204,0,694,659,247,312,620,590
ISIC_0000491.jpg,ISIC_0000491_Segmentation.png,102,25,800,775,286,72,632,694
ISIC_0000492.jpg,ISIC_0000492_Segmentation.png,283,157,625,614,324,254,585,526
ISIC_0000493.jpg,ISIC_0000493_Segmentation.png,146,77,841,744,269,197,652,664
ISIC_0000495.jpg,ISIC_0000495_Segmentation.png,264,159,662,674,344,243,601,615
ISIC_0000496.jpg,ISIC_0000496_Segmentation.png,272,48,667,659,339,196,600,581
ISIC_0000498.jpg,ISIC_0000498_Segmentation.png,134,180,816,638,240,287,696,523
ISIC_0000500.jpg,ISIC_0000500_Segmentation.png,152,257,756,608,292,295,632,523
ISIC_0000503.jpg,ISIC_0000503_Segmentation.png,180,160,732,614,340,270,626,586
ISIC_0000504.jpg,ISIC_0000504_Segmentation.png,1297,478,2601,1751,1474,607,2404,1438
ISIC_0000505.jpg,ISIC_0000505_Segmentation.png,293,131,640,699,350,332,489,643
ISIC_0000506.jpg,ISIC_0000506_Segmentation.png,322,248,609,587,368,312,580,528
ISIC_0000507.jpg,ISIC_0000507_Segmentation.png,167,52,731,540,282,149,626,396
ISIC_0000511.jpg,ISIC_0000511_Segmentation.png,79,21,872,781,194,209,690,562
ISIC_0000513.jpg,ISIC_0000513_Segmentation.png,154,167,707,638,254,262,620,579
ISIC_0000514.jpg,ISIC_0000514_Segmentation.png,296,164,622,618,357,242,586,450
ISIC_0000516.jpg,ISIC_0000516_Segmentation.png,154,94,836,799,293,231,654,558
ISIC_0000517.jpg,ISIC_0000517_Segmentation.png,2,1,916,801,4,212,762,624
ISIC_0000519.jpg,ISIC_0000519_Segmentation.png,685,20,2647,2282,868,494,2280,1985
ISIC_0000520.jpg,ISIC_0000520_Segmentation.png,814,898,2225,1958,1127,1033,2063,1733
ISIC_0000521.jpg,ISIC_0000521_Segmentation.png,13,379,3020,2039,360,630,2695,1737
ISIC_0000522.jpg,ISIC_0000522_Segmentation.png,202,41,694,719,359,323,587,678
ISIC_0000523.jpg,ISIC_0000523_Segmentation.png,233,173,695,623,313,227,610,543
ISIC_0000524.jpg,ISIC_0000524_Segmentation.png,161,119,783,665,280,222,667,545
ISIC_0000528.jpg,ISIC_0000528_Segmentation.png,301,163,752,521,360,252,718,391
ISIC_0000529.jpg,ISIC_0000529_Segmentation.png,131,64,908,639,166,144,612,459
ISIC_0000530.jpg,ISIC_0000530_Segmentation.png,184,135,653,657,298,201,609,540
ISIC_0000531.jpg,ISIC_0000531_Segmentation.png,245,133,686,621,304,300,621,523
ISIC_0000532.jpg,ISIC_0000532_Segmentation.png,165,193,728,653,328,304,575,577
ISIC_0000535.jpg,ISIC_0000535_Segmentation.png,204,68,560,582,236,200,510,470
ISIC_0000536.jpg,ISIC_0000536_Segmentation.png,244,227,483,451,295,233,387,415
ISIC_0000538.jpg,ISIC_0000538_Segmentation.png,237,139,591,551,312,220,506,464
ISIC_0000541.jpg,ISIC_0000541_Segmentation.png,110,151,677,587,196,209,641,484
ISIC_0000542.jpg,ISIC_0000542_Segmentation.png,8,148,807,565,111,218,751,457
ISIC_0000543.jpg,ISIC_0000543_Segmentation.png,182,40,635,537,246,100,534,434
ISIC_0000544.jpg,ISIC_0000544_Segmentation.png,169,146,613,630,234,238,508,513
ISIC_0000545.jpg,ISIC_0000545_Segmentation.png,174,12,620,695,238,93,550,557
ISIC_0000546.jpg,ISIC_0000546_Segmentation.png,146,70,675,621,313,250,584,579
ISIC_0000548.jpg,ISIC_0000548_Segmentation.png,151,86,653,524,229,258,602,439
ISIC_0000551.jpg,ISIC_0000551_Segmentation.png,56,0,766,588,229,75,593,447
ISIC_0000552.jpg,ISIC_0000552_Segmentation.png,48,39,610,562,145,110,515,485
ISIC_0000554.jpg,ISIC_0000554_Segmentation.png,145,50,675,635,239,231,605,510
ISIC_0000555.jpg,ISIC_0000555_Segmentation.png,213,148,598,583,251,310,502,519
ISIC_0000556.jpg,ISIC_0000556_Segmentation.png,92,34,695,715,228,120,611,568
ISIC_0000882.jpg,ISIC_0000882_Segmentation.png,141,190,1177,872,286,278,968,781
ISIC_0000900.jpg,ISIC_0000900_Segmentation.png,972,322,1860,941,1100,435,1726,862
ISIC_0000999.jpg,ISIC_0000999_Segmentation.png,2055,242,2808,1203,2151,448,2725,992
ISIC_0001102.jpg,ISIC_0001102_Segmentation.png,177,170,2803,2082,624,546,2148,1597
ISIC_0001105.jpg,ISIC_0001105_Segmentation.png,963,596,2290,1675,1253,777,2037,1538
ISIC_0001106.jpg,ISIC_0001106_Segmentation.png,572,482,2779,2084,1095,908,2499,1891
ISIC_0001118.jpg,ISIC_0001118_Segmentation.png,158,43,3847,2454,975,773,3215,2159
ISIC_0001119.jpg,ISIC_0001119_Segmentation.png,1296,671,1880,1528,1444,937,1823,1452
ISIC_0001126.jpg,ISIC_0001126_Segmentation.png,739,518,2087,2119,844,689,1860,1376
ISIC_0001133.jpg,ISIC_0001133_Segmentation.png,781,539,2418,1903,1059,709,2146,1654
ISIC_0001134.jpg,ISIC_0001134_Segmentation.png,1035,734,2113,1555,1422,1021,1944,1491
ISIC_0001140.jpg,ISIC_0001140_Segmentation.png,487,253,1659,1569,655,453,1348,1300
ISIC_0001148.jpg,ISIC_0001148_Segmentation.png,542,326,2346,2253,711,867,2143,1591
ISIC_0001152.jpg,ISIC_0001152_Segmentation.png,4,75,1934,1222,153,233,1747,886
ISIC_0001163.jpg,ISIC_0001163_Segmentation.png,882,601,1841,1522,1000,839,1693,1324
ISIC_0001184.jpg,ISIC_0001184_Segmentation.png,1186,1237,1999,2222,1313,1371,1885,1976
ISIC_0001187.jpg,ISIC_0001187_Segmentation.png,1682,890,2290,1805,1723,1101,2227,1676
ISIC_0001188.jpg,ISIC_0001188_Segmentation.png,1149,656,1904,1466,1232,758,1730,1363
ISIC_0001191.jpg,ISIC_0001191_Segmentation.png,1567,947,2268,1677,1799,1094,2113,1463
ISIC_0001212.jpg,ISIC_0001212_Segmentation.png,779,660,2001,2079,1035,794,1746,1925
ISIC_0001213.jpg,ISIC_0001213_Segmentation.png,839,1164,1674,2104,1043,1406,1586,1878
ISIC_0001216.jpg,ISIC_0001216_Segmentation.png,928,1144,1772,1767,1064,1216,1631,1697
ISIC_0001247.jpg,ISIC_0001247_Segmentation.png,1634,625,2465,1214,1753,728,2258,1084
ISIC_0001254.jpg,ISIC_0001254_Segmentation.png,714,522,1364,1366,872,615,1249,1247
ISIC_0001262.jpg,ISIC_0001262_Segmentation.png,1164,938,1813,1536,1333,1128,1773,1467
ISIC_0001267.jpg,ISIC_0001267_Segmentation.png,882,463,1636,1155,1013,526,1409,1012
ISIC_0001275.jpg,ISIC_0001275_Segmentation.png,1048,324,1723,1069,1122,456,1448,888
ISIC_0001286.jpg,ISIC_0001286_Segmentation.png,823,497,1506,1257,932,753,1401,1113
ISIC_0001292.jpg,ISIC_0001292_Segmentation.png,788,367,1395,1335,877,503,1142,978
ISIC_0001296.jpg,ISIC_0001296_Segmentation.png,1543,723,2523,1215,1686,796,2318,1052
ISIC_0001306.jpg,ISIC_0001306_Segmentation.png,909,403,1457,895,960,477,1361,806
ISIC_0001367.jpg,ISIC_0001367_Segmentation.png,1083,139,1796,898,1169,288,1647,721
ISIC_0001372.jpg,ISIC_0001372_Segmentation.png,643,726,1426,1394,762,822,1230,1187
ISIC_0001374.jpg,ISIC_0001374_Segmentation.png,615,763,1375,1663,848,980,1220,1532
ISIC_0001385.jpg,ISIC_0001385_Segmentation.png,865,395,1727,1132,985,600,1582,944
ISIC_0001423.jpg,ISIC_0001423_Segmentation.png,730,180,1592,962,842,432,1295,870
ISIC_0001442.jpg,ISIC_0001442_Segmentation.png,889,505,1771,1236,1012,645,1622,1071
ISIC_0001449.jpg,ISIC_0001449_Segmentation.png,1007,372,1727,1062,1190,463,1545,949
ISIC_0001742.jpg,ISIC_0001742_Segmentation.png,956,563,1744,1215,1024,698,1560,987
ISIC_0002093.jpg,ISIC_0002093_Segmentation.png,484,147,1447,1928,701,580,1374,1609
ISIC_0002206.jpg,ISIC_0002206_Segmentation.png,739,344,1387,951,833,447,1288,850
ISIC_0002251.jpg,ISIC_0002251_Segmentation.png,1529,986,2632,1780,1836,1153,2481,1664
ISIC_0002287.jpg,ISIC_0002287_Segmentation.png,878,476,1653,1788,1082,573,1438,1605
ISIC_0002353.jpg,ISIC_0002353_Segmentation.png,379,709,1188,1460,508,847,956,1356
ISIC_0002374.jpg,ISIC_0002374_Segmentation.png,911,538,1489,1322,999,760,1395,1211
ISIC_0002438.jpg,ISIC_0002438_Segmentation.png,1231,570,2014,1349,1326,736,1929,1215
ISIC_0002439.jpg,ISIC_0002439_Segmentation.png,828,129,1657,1087,945,361,1530,881
ISIC_0002453.jpg,ISIC_0002453_Segmentation.png,1379,150,2041,987,1559,246,1952,758
ISIC_0002459.jpg,ISIC_0002459_Segmentation.png,1049,44,1857,897,1210,200,1722,757
ISIC_0002469.jpg,ISIC_0002469_Segmentation.png,825,629,1682,1535,1009,857,1522,1378
ISIC_0002476.jpg,ISIC_0002476_Segmentation.png,1461,804,2057,1723,1599,958,1978,1449
ISIC_0002488.jpg,ISIC_0002488_Segmentation.png,189,821,955,1422,371,912,819,1324
ISIC_0002489.jpg,ISIC_0002489_Segmentation.png,761,260,1760,979,952,382,1602,898
ISIC_0002616.jpg,ISIC_0002616_Segmentation.png,1240,1263,2001,1911,1333,1381,1839,1852
ISIC_0002647.jpg,ISIC_0002647_Segmentation.png,1343,862,2408,1536,1489,968,2233,1384
ISIC_0002780.jpg,ISIC_0002780_Segmentation.png,1043,1306,1963,2292,1163,1542,1698,2212
ISIC_0002806.jpg,ISIC_0002806_Segmentation.png,1143,860,2687,2330,1528,1320,2486,2077
ISIC_0002836.jpg,ISIC_0002836_Segmentation.png,432,1117,1557,2489,571,1292,1373,2263
ISIC_0002879.jpg,ISIC_0002879_Segmentation.png,337,659,1260,1381,491,733,1064,1163
ISIC_0002885.jpg,ISIC_0002885_Segmentation.png,771,1052,1912,2109,927,1204,1650,1990
ISIC_0002948.jpg,ISIC_0002948_Segmentation.png,1248,672,1850,1478,1351,856,1773,1377
ISIC_0002975.jpg,ISIC_0002975_Segmentation.png,975,1011,1738,1903,1041,1196,1641,1717
ISIC_0002976.jpg,ISIC_0002976_Segmentation.png,1384,846,2092,1774,1554,1080,2001,1672
ISIC_0003005.jpg,ISIC_0003005_Segmentation.png,101,517,1204,1177,143,644,894,1022
ISIC_0003051.jpg,ISIC_0003051_Segmentation.png,2069,1164,2769,1927,2199,1306,2638,1822
ISIC_0003174.jpg,ISIC_0003174_Segmentation.png,1155,908,1804,1450,1232,995,1667,1405
ISIC_0003308.jpg,ISIC_0003308_Segmentation.png,1043,778,2090,1551,1265,943,1821,1364
ISIC_0003346.jpg,ISIC_0003346_Segmentation.png,1496,1283,2248,1981,1592,1453,2031,1836
ISIC_0004110.jpg,ISIC_0004110_Segmentation.png,803,371,1676,1619,945,600,1517,1264
ISIC_0004166.jpg,ISIC_0004166_Segmentation.png,898,744,2097,1969,1013,906,1879,1638
ISIC_0004168.jpg,ISIC_0004168_Segmentation.png,1496,949,2115,1744,1585,1108,2053,1584
ISIC_0004309.jpg,ISIC_0004309_Segmentation.png,1244,1029,2260,1551,1365,1130,2065,1456
ISIC_0004715.jpg,ISIC_0004715_Segmentation.png,1059,307,1878,1047,1213,413,1788,967
ISIC_0004985.jpg,ISIC_0004985_Segmentation.png,1542,1004,2319,2137,1636,1307,2159,2008
ISIC_0005187.jpg,ISIC_0005187_Segmentation.png,1372,587,2166,1227,1555,722,2029,1092
ISIC_0005247.jpg,ISIC_0005247_Segmentation.png,863,301,1771,1233,1046,391,1657,794
ISIC_0005548.jpg,ISIC_0005548_Segmentation.png,1603,537,2614,1581,1796,765,2499,1244
ISIC_0005555.jpg,ISIC_0005555_Segmentation.png,722,498,1390,1464,830,592,1274,1337
ISIC_0005564.jpg,ISIC_0005564_Segmentation.png,408,141,1871,1611,744,293,1666,1238
ISIC_0005620.jpg,ISIC_0005620_Segmentation.png,685,478,1411,1192,822,564,1251,1109
ISIC_0005639.jpg,ISIC_0005639_Segmentation.png,491,30,1591,1381,721,234,1476,1006
ISIC_0005666.jpg,ISIC_0005666_Segmentation.png,503,521,1237,1455,664,709,1076,1260
ISIC_0005787.jpg,ISIC_0005787_Segmentation.png,142,670,1184,1424,255,795,1027,1360
ISIC_0006021.jpg,ISIC_0006021_Segmentation.png,1646,928,2998,1815,1798,1208,2505,1718
ISIC_0006114.jpg,ISIC_0006114_Segmentation.png,734,872,1489,1490,854,991,1386,1324
ISIC_0006326.jpg,ISIC_0006326_Segmentation.png,996,412,1910,1129,1134,520,1715,1000
ISIC_0006350.jpg,ISIC_0006350_Segmentation.png,857,384,1765,1575,1034,578,1569,1347
ISIC_0006612.jpg,ISIC_0006612_Segmentation.png,1491,644,2545,1539,1660,786,2425,1463
ISIC_0006776.jpg,ISIC_0006776_Segmentation.png,975,641,1674,1366,1064,795,1616,1285
ISIC_0006795.jpg,ISIC_0006795_Segmentation.png,1529,916,2420,1945,1648,1026,2214,1702
ISIC_0006800.jpg,ISIC_0006800_Segmentation.png,1082,587,1987,1303,1218,728,1813,1209
ISIC_0006940.jpg,ISIC_0006940_Segmentation.png,1986,1240,3203,2064,2117,1395,3008,1900
ISIC_0006982.jpg,ISIC_0006982_Segmentation.png,390,493,1916,1570,562,782,1442,1433
ISIC_0007038.jpg,ISIC_0007038_Segmentation.png,1755,1062,2725,1618,1909,1169,2555,1534
ISIC_0007087.jpg,ISIC_0007087_Segmentation.png,734,281,1669,1450,1013,549,1465,1267
ISIC_0007475.jpg,ISIC_0007475_Segmentation.png,688,458,1998,1225,813,611,1795,1103
ISIC_0007557.jpg,ISIC_0007557_Segmentation.png,1062,532,2014,1721,1215,707,1809,1369
ISIC_0007760.jpg,ISIC_0007760_Segmentation.png,408,539,1201,1306,583,648,1107,1125
ISIC_0007788.jpg,ISIC_0007788_Segmentation.png,1131,1133,2277,2498,1308,1337,2142,2265
ISIC_0008029.jpg,ISIC_0008029_Segmentation.png,1052,845,2081,1777,1169,1150,1960,1612
ISIC_0008145.jpg,ISIC_0008145_Segmentation.png,2117,633,2695,1541,2240,921,2543,1379
ISIC_0008236.jpg,ISIC_0008236_Segmentation.png,1426,842,2896,1606,1852,1004,2702,1515
ISIC_0008256.jpg,ISIC_0008256_Segmentation.png,1731,907,2671,1726,1862,1003,2373,1484
ISIC_0008280.jpg,ISIC_0008280_Segmentation.png,547,457,1182,1189,645,584,1124,1085
ISIC_0008294.jpg,ISIC_0008294_Segmentation.png,1309,613,1880,1087,1434,663,1701,978
ISIC_0008347.jpg,ISIC_0008347_Segmentation.png,1605,1468,2608,1995,1863,1574,2523,1910
ISIC_0008396.jpg,ISIC_0008396_Segmentation.png,1447,1226,2155,1924,1523,1360,1982,1814
ISIC_0008403.jpg,ISIC_0008403_Segmentation.png,464,560,1376,1380,602,645,1207,1202
ISIC_0008524.jpg,ISIC_0008524_Segmentation.png,1358,1113,2005,2016,1550,1226,1890,1650
ISIC_0008528.jpg,ISIC_0008528_Segmentation.png,1083,778,2108,2242,1227,1074,1866,1870
ISIC_0008541.jpg,ISIC_0008541_Segmentation.png,1653,1175,2542,1780,1843,1283,2409,1686
ISIC_0008552.jpg,ISIC_0008552_Segmentation.png,1379,1083,2165,1887,1485,1178,2029,1697
ISIC_0008785.jpg,ISIC_0008785_Segmentation.png,272,574,1227,1400,440,669,1066,1244
ISIC_0008807.jpg,ISIC_0008807_Segmentation.png,1177,1277,2140,1960,1313,1405,1996,1853
ISIC_0008879.jpg,ISIC_0008879_Segmentation.png,1508,970,2198,1748,1627,1163,2110,1626
ISIC_0008913.jpg,ISIC_0008913_Segmentation.png,1445,490,2889,2313,1728,804,2716,2037
ISIC_0008993.jpg,ISIC_0008993_Segmentation.png,893,600,1709,1257,1009,664,1564,1140
ISIC_0009160.jpg,ISIC_0009160_Segmentation.png,1291,313,2034,1035,1354,430,1916,863
ISIC_0009165.jpg,ISIC_0009165_Segmentation.png,1840,1094,2718,2137,2010,1282,2588,1971
ISIC_0009188.jpg,ISIC_0009188_Segmentation.png,1211,1100,2076,1844,1529,1337,2005,1706
ISIC_0009252.jpg,ISIC_0009252_Segmentation.png,689,707,1347,1578,826,928,1256,1455
ISIC_0009297.jpg,ISIC_0009297_Segmentation.png,1541,1087,2386,1970,1625,1181,2299,1856
ISIC_0009344.jpg,ISIC_0009344_Segmentation.png,1420,832,2478,1882,1691,1037,2224,1569
ISIC_0009430.jpg,ISIC_0009430_Segmentation.png,701,431,1511,1295,856,667,1296,1179
ISIC_0009504.jpg,ISIC_0009504_Segmentation.png,1731,1247,2422,2040,1863,1486,2319,1917
ISIC_0009505.jpg,ISIC_0009505_Segmentation.png,854,1669,1610,2297,1000,1751,1481,2143
ISIC_0009533.jpg,ISIC_0009533_Segmentation.png,1499,583,2349,1844,1592,695,2019,1578
ISIC_0009583.jpg,ISIC_0009583_Segmentation.png,989,945,2217,1694,1270,1185,1849,1523
ISIC_0009599.jpg,ISIC_0009599_Segmentation.png,1363,932,2418,2110,1664,1215,2278,1830
ISIC_0009758.jpg,ISIC_0009758_Segmentation.png,618,334,1641,1349,866,554,1479,1167
ISIC_0009800.jpg,ISIC_0009800_Segmentation.png,1328,912,2160,1936,1422,1027,2028,1677
ISIC_0009860.jpg,ISIC_0009860_Segmentation.png,2150,738,2776,2008,2215,1139,2631,1862
ISIC_0009868.jpg,ISIC_0009868_Segmentation.png,224,215,677,643,295,344,628,572
ISIC_0009870.jpg,ISIC_0009870_Segmentation.png,323,246,518,439,345,286,505,404
ISIC_0009871.jpg,ISIC_0009871_Segmentation.png,123,85,849,655,277,156,700,551
ISIC_0009873.jpg,ISIC_0009873_Segmentation.png,124,73,747,597,252,234,616,484
ISIC_0009875.jpg,ISIC_0009875_Segmentation.png,184,110,859,749,388,238,733,584
ISIC_0009877.jpg,ISIC_0009877_Segmentation.png,209,116,785,583,310,203,677,522
ISIC_0009883.jpg,ISIC_0009883_Segmentation.png,304,153,782,615,370,252,628,546
ISIC_0009884.jpg,ISIC_0009884_Segmentation.png,339,222,684,577,393,286,606,533
ISIC_0009888.jpg,ISIC_0009888_Segmentation.png,322,224,687,576,359,343,557,518
ISIC_0009893.jpg,ISIC_0009893_Segmentation.png,232,120,605,553,327,213,565,483
ISIC_0009895.jpg,ISIC_0009895_Segmentation.png,283,148,712,690,381,257,679,621
ISIC_0009896.jpg,ISIC_0009896_Segmentation.png,27,5,821,643,307,222,628,440
ISIC_0009897.jpg,ISIC_0009897_Segmentation.png,64,0,971,764,326,141,773,723
ISIC_0009899.jpg,ISIC_0009899_Segmentation.png,182,42,848,638,400,224,756,540
ISIC_0009900.jpg,ISIC_0009900_Segmentation.png,210,41,892,724,314,182,684,616
ISIC_0009904.jpg,ISIC_0009904_Segmentation.png,234,15,837,767,306,104,687,629
ISIC_0009905.jpg,ISIC_0009905_Segmentation.png,261,244,815,706,359,376,714,599
ISIC_0009909.jpg,ISIC_0009909_Segmentation.png,174,244,697,640,222,311,600,561
ISIC_0009910.jpg,ISIC_0009910_Segmentation.png,24,180,997,642,246,256,786,573
ISIC_0009911.jpg,ISIC_0009911_Segmentation.png,338,199,705,587,382,273,667,525
ISIC_0009912.jpg,ISIC_0009912_Segmentation.png,340,218,600,500,385,245,575,454
ISIC_0009914.jpg,ISIC_0009914_Segmentation.png,217,116,693,650,264,368,494,597
ISIC_0009915.jpg,ISIC_0009915_Segmentation.png,137,73,855,634,372,131,759,479
ISIC_0009917.jpg,ISIC_0009917_Segmentation.png,281,253,594,612,314,320,510,567
ISIC_0009919.jpg,ISIC_0009919_Segmentation.png,204,178,841,705,278,224,810,567
ISIC_0009921.jpg,ISIC_0009921_Segmentation.png,7,37,936,763,175,178,915,607
ISIC_0009925.jpg,ISIC_0009925_Segmentation.png,244,34,775,662,328,154,681,561
ISIC_0009929.jpg,ISIC_0009929_Segmentation.png,491,307,618,488,508,360,591,466
ISIC_0009932.jpg,ISIC_0009932_Segmentation.png,102,174,946,510,217,222,719,437
ISIC_0009933.jpg,ISIC_0009933_Segmentation.png,250,160,698,616,337,209,644,525
ISIC_0009934.jpg,ISIC_0009934_Segmentation.png,2,5,1021,767,168,84,875,763
ISIC_0009935.jpg,ISIC_0009935_Segmentation.png,315,215,752,549,410,259,703,465
ISIC_0009936.jpg,ISIC_0009936_Segmentation.png,420,295,678,442,445,332,652,414
ISIC_0009937.jpg,ISIC_0009937_Segmentation.png,395,196,677,513,475,259,622,423
ISIC_0009938.jpg,ISIC_0009938_Segmentation.png,246,92,772,586,338,144,672,501
ISIC_0009939.jpg,ISIC_0009939_Segmentation.png,196,201,892,572,332,271,782,545
ISIC_0009940.jpg,ISIC_0009940_Segmentation.png,53,16,957,741,263,145,717,633
ISIC_0009941.jpg,ISIC_0009941_Segmentation.png,320,185,749,619,402,248,653,527
ISIC_0009942.jpg,ISIC_0009942_Segmentation.png,267,164,739,567,339,219,667,525
ISIC_0009944.jpg,ISIC_0009944_Segmentation.png,432,159,723,617,475,244,661,503
ISIC_0009947.jpg,ISIC_0009947_Segmentation.png,221,220,620,617,280,246,508,562
ISIC_0009949.jpg,ISIC_0009949_Segmentation.png,323,132,710,705,391,226,621,637
ISIC_0009950.jpg,ISIC_0009950_Segmentation.png,189,192,801,636,275,264,692,565
ISIC_0009951.jpg,ISIC_0009951_Segmentation.png,235,163,796,745,345,223,708,681
ISIC_0009953.jpg,ISIC_0009953_Segmentation.png,52,115,838,661,206,208,682,505
ISIC_0009960.jpg,ISIC_0009960_Segmentation.png,406,248,588,478,453,277,558,424
ISIC_0009961.jpg,ISIC_0009961_Segmentation.png,76,197,895,662,200,280,826,593
ISIC_0009962.jpg,ISIC_0009962_Segmentation.png,4,7,1021,767,293,126,763,598
ISIC_0009963.jpg,ISIC_0009963_Segmentation.png,290,106,643,531,371,237,601,503
ISIC_0009964.jpg,ISIC_0009964_Segmentation.png,334,236,581,549,366,277,506,474
ISIC_0009966.jpg,ISIC_0009966_Segmentation.png,351,122,749,669,433,223,680,586
ISIC_0009967.jpg,ISIC_0009967_Segmentation.png,176,228,719,574,262,274,605,515
ISIC_0009968.jpg,ISIC_0009968_Segmentation.png,132,113,912,740,265,206,807,585
ISIC_0009969.jpg,ISIC_0009969_Segmentation.png,154,184,797,708,311,265,697,596
ISIC_0009971.jpg,ISIC_0009971_Segmentation.png,415,268,600,460,447,329,567,439
ISIC_0009972.jpg,ISIC_0009972_Segmentation.png,289,310,650,596,341,337,611,537
ISIC_0009973.jpg,ISIC_0009973_Segmentation.png,143,47,653,616,234,154,572,505
ISIC_0009974.jpg,ISIC_0009974_Segmentation.png,152,4,804,682,275,124,687,583
ISIC_0009975.jpg,ISIC_0009975_Segmentation.png,121,102,632,566,240,171,540,489
ISIC_0009976.jpg,ISIC_0009976_Segmentation.png,298,199,684,512,375,245,634,477
ISIC_0009978.jpg,ISIC_0009978_Segmentation.png,246,180,680,639,351,254,636,563
ISIC_0009979.jpg,ISIC_0009979_Segmentation.png,345,217,681,545,420,266,636,485
ISIC_0009981.jpg,ISIC_0009981_Segmentation.png,350,354,623,621,414,400,590,584
ISIC_0009983.jpg,ISIC_0009983_Segmentation.png,186,9,1023,767,265,276,857,766
ISIC_0009986.jpg,ISIC_0009986_Segmentation.png,376,268,637,534,419,313,607,463
ISIC_0009987.jpg,ISIC_0009987_Segmentation.png,313,109,726,731,354,306,618,661
ISIC_0009991.jpg,ISIC_0009991_Segmentation.png,295,42,777,676,392,132,683,523
ISIC_0009995.jpg,ISIC_0009995_Segmentation.png,0,3,1020,764,48,34,809,720
ISIC_0010000.jpg,ISIC_0010000_Segmentation.png,63,0,988,699,227,264,817,633
ISIC_0010001.jpg,ISIC_0010001_Segmentation.png,185,26,856,646,241,136,668,492
ISIC_0010002.jpg,ISIC_0010002_Segmentation.png,267,57,825,625,345,201,681,538
ISIC_0010003.jpg,ISIC_0010003_Segmentation.png,428,195,643,457,463,250,624,413
ISIC_0010005.jpg,ISIC_0010005_Segmentation.png,0,84,1005,666,266,250,876,607
ISIC_0010006.jpg,ISIC_0010006_Segmentation.png,210,42,898,566,346,147,764,485
ISIC_0010010.jpg,ISIC_0010010_Segmentation.png,258,146,551,560,301,191,472,497
ISIC_0010014.jpg,ISIC_0010014_Segmentation.png,278,172,714,578,320,233,606,508
ISIC_0010015.jpg,ISIC_0010015_Segmentation.png,193,63,798,699,388,174,693,545
ISIC_0010017.jpg,ISIC_0010017_Segmentation.png,132,119,832,724,206,185,699,554
ISIC_0010019.jpg,ISIC_0010019_Segmentation.png,104,124,901,670,351,279,825,605
ISIC_0010021.jpg,ISIC_0010021_Segmentation.png,105,24,867,739,293,115,772,628
ISIC_0010022.jpg,ISIC_0010022_Segmentation.png,2,110,1018,625,154,192,889,577
ISIC_0010024.jpg,ISIC_0010024_Segmentation.png,302,236,790,556,382,279,695,478
ISIC_0010025.jpg,ISIC_0010025_Segmentation.png,270,149,716,541,364,256,663,501
ISIC_0010029.jpg,ISIC_0010029_Segmentation.png,134,33,876,767,339,109,736,517
ISIC_0010032.jpg,ISIC_0010032_Segmentation.png,323,63,635,568,369,214,589,483
ISIC_0010035.jpg,ISIC_0010035_Segmentation.png,90,9,915,767,267,204,795,694
ISIC_0010036.jpg,ISIC_0010036_Segmentation.png,98,75,981,686,312,193,781,596
ISIC_0010040.jpg,ISIC_0010040_Segmentation.png,120,225,759,684,210,367,597,643
ISIC_0010042.jpg,ISIC_0010042_Segmentation.png,254,214,718,565,377,280,634,515
ISIC_0010043.jpg,ISIC_0010043_Segmentation.png,211,116,762,723,304,281,715,668
ISIC_0010044.jpg,ISIC_0010044_Segmentation.png,175,250,559,669,229,302,498,610
ISIC_0010046.jpg,ISIC_0010046_Segmentation.png,304,150,734,533,365,193,583,397
ISIC_0010051.jpg,ISIC_0010051_Segmentation.png,174,4,945,767,338,129,833,765
ISIC_0010052.jpg,ISIC_0010052_Segmentation.png,398,227,723,604,470,296,641,500
ISIC_0010053.jpg,ISIC_0010053_Segmentation.png,322,249,627,502,375,277,569,459
ISIC_0010054.jpg,ISIC_0010054_Segmentation.png,193,77,791,664,304,148,617,520
ISIC_0010056.jpg,ISIC_0010056_Segmentation.png,2,3,1022,767,6,4,1021,610
ISIC_0010057.jpg,ISIC_0010057_Segmentation.png,173,4,883,767,282,162,778,762
ISIC_0010060.jpg,ISIC_0010060_Segmentation.png,480,250,682,532,499,326,628,495
ISIC_0010063.jpg,ISIC_0010063_Segmentation.png,4,4,995,767,17,5,801,699
ISIC_0010064.jpg,ISIC_0010064_Segmentation.png,285,195,672,623,349,313,608,545
ISIC_0010065.jpg,ISIC_0010065_Segmentation.png,0,0,1022,766,1,0,1021,764
ISIC_0010066.jpg,ISIC_0010066_Segmentation.png,224,96,869,622,312,236,706,541
ISIC_0010067.jpg,ISIC_0010067_Segmentation.png,195,272,888,617,270,309,713,531
ISIC_0010068.jpg,ISIC_0010068_Segmentation.png,472,1,897,765,543,171,811,639
ISIC_0010069.jpg,ISIC_0010069_Segmentation.png,403,255,697,549,462,294,653,485
ISIC_0010070.jpg,ISIC_0010070_Segmentation.png,170,176,796,654,271,301,664,619
ISIC_0010071.jpg,ISIC_0010071_Segmentation.png,2,4,1016,767,123,124,895,616
ISIC_0010074.jpg,ISIC_0010074_Segmentation.png,255,91,718,627,324,145,632,503
ISIC_0010075.jpg,ISIC_0010075_Segmentation.png,183,3,974,766,294,7,812,610
ISIC_0010078.jpg,ISIC_0010078_Segmentation.png,202,16,887,767,321,145,716,614
ISIC_0010079.jpg,ISIC_0010079_Segmentation.png,51,221,966,765,228,307,806,690
ISIC_0010080.jpg,ISIC_0010080_Segmentation.png,245,134,739,595,334,198,653,521
ISIC_0010081.jpg,ISIC_0010081_Segmentation.png,342,219,672,583,409,263,629,526
ISIC_0010083.jpg,ISIC_0010083_Segmentation.png,126,44,736,765,246,163,658,704
ISIC_0010086.jpg,ISIC_0010086_Segmentation.png,257,173,675,734,324,276,591,552
ISIC_0010087.jpg,ISIC_0010087_Segmentation.png,462,309,640,520,505,330,597,491
ISIC_0010090.jpg,ISIC_0010090_Segmentation.png,405,332,627,549,451,369,602,498
ISIC_0010091.jpg,ISIC_0010091_Segmentation.png,49,154,940,673,148,278,740,612
ISIC_0010093.jpg,ISIC_0010093_Segmentation.png,0,106,1019,699,10,196,805,528
ISIC_0010094.jpg,ISIC_0010094_Segmentation.png,206,143,757,545,342,221,650,485
ISIC_0010101.jpg,ISIC_0010101_Segmentation.png,106,43,994,683,304,127,891,602
ISIC_0010102.jpg,ISIC_0010102_Segmentation.png,239,111,764,688,284,241,672,550
ISIC_0010104.jpg,ISIC_0010104_Segmentation.png,364,246,648,472,413,286,569,438
ISIC_0010105.jpg,ISIC_0010105_Segmentation.png,305,151,678,550,397,199,636,493
ISIC_0010168.jpg,ISIC_0010168_Segmentation.png,201,165,866,590,322,222,760,494
ISIC_0010169.jpg,ISIC_0010169_Segmentation.png,42,5,1023,767,269,11,826,762
ISIC_0010170.jpg,ISIC_0010170_Segmentation.png,327,162,701,554,433,253,660,496
ISIC_0010174.jpg,ISIC_0010174_Segmentation.png,292,77,827,647,373,129,700,526
ISIC_0010176.jpg,ISIC_0010176_Segmentation.png,431,169,670,531,476,214,618,466
ISIC_0010177.jpg,ISIC_0010177_Segmentation.png,431,257,633,490,452,291,575,425
ISIC_0010178.jpg,ISIC_0010178_Segmentation.png,338,184,671,578,397,250,618,490
ISIC_0010182.jpg,ISIC_0010182_Segmentation.png,419,185,553,531,443,245,508,518
ISIC_0010184.jpg,ISIC_0010184_Segmentation.png,177,312,731,610,342,347,542,507
ISIC_0010185.jpg,ISIC_0010185_Segmentation.png,268,293,686,528,376,326,612,495
ISIC_0010186.jpg,ISIC_0010186_Segmentation.png,234,103,795,756,317,208,693,586
ISIC_0010189.jpg,ISIC_0010189_Segmentation.png,1,1,1023,767,87,4,961,766
ISIC_0010191.jpg,ISIC_0010191_Segmentation.png,124,140,983,720,250,322,711,605
ISIC_0010194.jpg,ISIC_0010194_Segmentation.png,41,258,480,767,125,370,426,728
ISIC_0010203.jpg,ISIC_0010203_Segmentation.png,313,179,641,477,373,201,499,438
ISIC_0010204.jpg,ISIC_0010204_Segmentation.png,0,1,1023,767,79,79,1023,766
ISIC_0010205.jpg,ISIC_0010205_Segmentation.png,374,224,682,539,428,264,627,479
ISIC_0010212.jpg,ISIC_0010212_Segmentation.png,230,63,827,727,305,230,756,585
ISIC_0010213.jpg,ISIC_0010213_Segmentation.png,268,298,816,767,381,353,687,738
ISIC_0010218.jpg,ISIC_0010218_Segmentation.png,227,140,785,539,294,204,695,502
ISIC_0010219.jpg,ISIC_0010219_Segmentation.png,249,166,741,573,335,227,692,490
ISIC_0010220.jpg,ISIC_0010220_Segmentation.png,347,314,664,569,424,335,612,516
ISIC_0010222.jpg,ISIC_0010222_Segmentation.png,0,1,1021,767,137,165,933,693
ISIC_0010223.jpg,ISIC_0010223_Segmentation.png,221,126,789,705,409,270,727,601
ISIC_0010225.jpg,ISIC_0010225_Segmentation.png,328,229,740,592,404,291,638,561
ISIC_0010226.jpg,ISIC_0010226_Segmentation.png,446,116,795,560,504,153,740,464
ISIC_0010227.jpg,ISIC_0010227_Segmentation.png,342,192,655,564,400,245,592,467
ISIC_0010228.jpg,ISIC_0010228_Segmentation.png,0,4,998,767,109,9,920,553
ISIC_0010230.jpg,ISIC_0010230_Segmentation.png,370,208,643,562,403,272,595,500
ISIC_0010232.jpg,ISIC_0010232_Segmentation.png,4,90,992,749,80,153,918,669
ISIC_0010233.jpg,ISIC_0010233_Segmentation.png,167,88,870,583,343,147,779,485
ISIC_0010235.jpg,ISIC_0010235_Segmentation.png,1,1,1007,767,106,74,824,652
ISIC_0010236.jpg,ISIC_0010236_Segmentation.png,329,245,600,533,434,273,566,398
ISIC_0010237.jpg,ISIC_0010237_Segmentation.png,301,293,593,484,371,331,579,446
ISIC_0010239.jpg,ISIC_0010239_Segmentation.png,41,2,933,767,116,194,849,749
ISIC_0010240.jpg,ISIC_0010240_Segmentation.png,205,88,698,610,357,203,589,478
ISIC_0010241.jpg,ISIC_0010241_Segmentation.png,266,126,781,597,393,158,662,523
ISIC_0010242.jpg,ISIC_0010242_Segmentation.png,242,2,797,763,381,8,645,522
ISIC_0010244.jpg,ISIC_0010244_Segmentation.png,349,347,605,504,387,364,564,472
ISIC_0010246.jpg,ISIC_0010246_Segmentation.png,344,168,654,569,422,284,578,512
ISIC_0010247.jpg,ISIC_0010247_Segmentation.png,233,78,771,699,281,327,696,581
ISIC_0010248.jpg,ISIC_0010248_Segmentation.png,257,115,786,756,325,210,713,648
ISIC_0010249.jpg,ISIC_0010249_Segmentation.png,82,43,1000,734,245,128,874,646
ISIC_0010251.jpg,ISIC_0010251_Segmentation.png,523,326,685,544,559,339,661,519
ISIC_0010252.jpg,ISIC_0010252_Segmentation.png,2,5,1002,766,227,75,809,762
ISIC_0010256.jpg,ISIC_0010256_Segmentation.png,436,308,614,497,451,343,582,462
ISIC_0010262.jpg,ISIC_0010262_Segmentation.png,350,185,699,562,408,278,632,502
ISIC_0010263.jpg,ISIC_0010263_Segmentation.png,328,311,507,533,349,385,493,491
ISIC_0010264.jpg,ISIC_0010264_Segmentation.png,2,36,927,664,145,138,758,574
ISIC_0010265.jpg,ISIC_0010265_Segmentation.png,245,179,769,542,334,266,618,486
ISIC_0010266.jpg,ISIC_0010266_Segmentation.png,296,269,621,507,343,315,577,477
ISIC_0010267.jpg,ISIC_0010267_Segmentation.png,81,4,849,766,260,148,674,690
ISIC_0010317.jpg,ISIC_0010317_Segmentation.png,411,305,687,553,472,337,643,521
ISIC_0010318.jpg,ISIC_0010318_Segmentation.png,312,135,723,521,418,245,679,470
ISIC_0010319.jpg,ISIC_0010319_Segmentation.png,115,3,889,696,229,161,677,589
ISIC_0010320.jpg,ISIC_0010320_Segmentation.png,23,3,994,721,130,194,831,653
ISIC_0010321.jpg,ISIC_0010321_Segmentation.png,119,8,790,634,221,105,555,558
ISIC_0010322.jpg,ISIC_0010322_Segmentation.png,1,2,1023,767,228,3,894,766
ISIC_0010323.jpg,ISIC_0010323_Segmentation.png,7,4,1017,767,120,145,915,766
ISIC_0010324.jpg,ISIC_0010324_Segmentation.png,0,12,1017,767,13,73,882,513
ISIC_0010325.jpg,ISIC_0010325_Segmentation.png,152,143,893,732,370,201,654,595
ISIC_0010327.jpg,ISIC_0010327_Segmentation.png,267,162,678,592,336,242,624,530
ISIC_0010329.jpg,ISIC_0010329_Segmentation.png,0,3,1023,767,26,150,863,707
ISIC_0010330.jpg,ISIC_0010330_Segmentation.png,31,135,967,658,226,199,625,562
ISIC_0010332.jpg,ISIC_0010332_Segmentation.png,215,77,900,697,339,154,791,488
ISIC_0010333.jpg,ISIC_0010333_Segmentation.png,70,191,768,728,168,251,541,568
ISIC_0010334.jpg,ISIC_0010334_Segmentation.png,76,0,974,764,270,165,772,591
ISIC_0010335.jpg,ISIC_0010335_Segmentation.png,166,4,972,767,292,15,843,690
ISIC_0010337.jpg,ISIC_0010337_Segmentation.png,266,138,754,590,388,191,680,483
ISIC_0010339.jpg,ISIC_0010339_Segmentation.png,268,223,701,539,388,293,618,487
ISIC_0010341.jpg,ISIC_0010341_Segmentation.png,338,198,601,619,409,285,569,503
ISIC_0010342.jpg,ISIC_0010342_Segmentation.png,131,65,1019,659,205,246,1012,542
ISIC_0010344.jpg,ISIC_0010344_Segmentation.png,182,133,716,611,324,214,597,527
ISIC_0010349.jpg,ISIC_0010349_Segmentation.png,102,0,947,764,290,70,811,735
ISIC_0010350.jpg,ISIC_0010350_Segmentation.png,221,143,815,702,334,274,718,582
ISIC_0010351.jpg,ISIC_0010351_Segmentation.png,350,220,655,495,402,285,591,466
ISIC_0010352.jpg,ISIC_0010352_Segmentation.png,354,304,680,479,398,341,598,449
ISIC_0010356.jpg,ISIC_0010356_Segmentation.png,303,206,632,477,353,231,583,433
ISIC_0010357.jpg,ISIC_0010357_Segmentation.png,327,229,649,592,385,275,600,493
ISIC_0010358.jpg,ISIC_0010358_Segmentation.png,314,248,839,607,382,311,781,547
ISIC_0010361.jpg,ISIC_0010361_Segmentation.png,77,58,815,744,176,146,697,609
ISIC_0010362.jpg,ISIC_0010362_Segmentation.png,239,254,496,470,305,295,464,424
ISIC_0010364.jpg,ISIC_0010364_Segmentation.png,212,173,713,597,294,205,535,458
ISIC_0010365.jpg,ISIC_0010365_Segmentation.png,248,175,726,638,340,325,566,539
ISIC_0010367.jpg,ISIC_0010367_Segmentation.png,361,236,711,583,428,312,661,537
ISIC_0010370.jpg,ISIC_0010370_Segmentation.png,212,106,814,689,304,206,679,600
ISIC_0010371.jpg,ISIC_0010371_Segmentation.png,235,129,812,565,272,249,631,520
ISIC_0010372.jpg,ISIC_0010372_Segmentation.png,290,134,832,612,358,241,639,510
ISIC_0010380.jpg,ISIC_0010380_Segmentation.png,406,242,798,638,471,372,750,545
ISIC_0010382.jpg,ISIC_0010382_Segmentation.png,4,0,972,767,140,111,810,766
ISIC_0010435.jpg,ISIC_0010435_Segmentation.png,350,189,703,532,386,256,572,388
ISIC_0010436.jpg,ISIC_0010436_Segmentation.png,301,277,624,500,334,337,561,455
ISIC_0010438.jpg,ISIC_0010438_Segmentation.png,262,176,598,605,310,234,533,545
ISIC_0010439.jpg,ISIC_0010439_Segmentation.png,504,278,660,414,541,308,633,397
ISIC_0010440.jpg,ISIC_0010440_Segmentation.png,535,373,675,471,571,387,649,450
ISIC_0010441.jpg,ISIC_0010441_Segmentation.png,536,92,869,435,577,154,830,387
ISIC_0010442.jpg,ISIC_0010442_Segmentation.png,223,49,835,637,312,197,750,522
ISIC_0010443.jpg,ISIC_0010443_Segmentation.png,339,153,739,514,424,222,674,450
ISIC_0010445.jpg,ISIC_0010445_Segmentation.png,278,159,804,758,381,268,636,523
ISIC_0010447.jpg,ISIC_0010447_Segmentation.png,220,22,812,718,275,117,674,565
ISIC_0010450.jpg,ISIC_0010450_Segmentation.png,276,172,737,638,381,247,654,556
ISIC_0010455.jpg,ISIC_0010455_Segmentation.png,2,106,930,739,214,267,757,578
ISIC_0010457.jpg,ISIC_0010457_Segmentation.png,15,0,1021,767,189,134,955,655
ISIC_0010458.jpg,ISIC_0010458_Segmentation.png,379,193,781,545,420,259,697,472
ISIC_0010459.jpg,ISIC_0010459_Segmentation.png,137,1,1022,765,250,135,818,619
ISIC_0010461.jpg,ISIC_0010461_Segmentation.png,296,212,631,623,384,274,564,542
ISIC_0010462.jpg,ISIC_0010462_Segmentation.png,346,235,648,511,381,293,608,475
ISIC_0010464.jpg,ISIC_0010464_Segmentation.png,320,165,760,630,447,207,716,499
ISIC_0010465.jpg,ISIC_0010465_Segmentation.png,192,285,804,672,305,322,698,508
ISIC_0010466.jpg,ISIC_0010466_Segmentation.png,216,307,650,595,338,360,577,549
ISIC_0010467.jpg,ISIC_0010467_Segmentation.png,354,249,666,614,390,307,606,517
ISIC_0010468.jpg,ISIC_0010468_Segmentation.png,283,174,651,718,359,243,530,646
ISIC_0010471.jpg,ISIC_0010471_Segmentation.png,323,358,509,556,364,386,482,543
ISIC_0010472.jpg,ISIC_0010472_Segmentation.png,387,167,599,422,420,251,577,378
ISIC_0010473.jpg,ISIC_0010473_Segmentation.png,115,0,1004,707,434,143,814,436
ISIC_0010475.jpg,ISIC_0010475_Segmentation.png,254,180,733,591,369,260,623,518
ISIC_0010476.jpg,ISIC_0010476_Segmentation.png,370,148,688,637,416,255,601,579
ISIC_0010479.jpg,ISIC_0010479_Segmentation.png,121,43,909,635,345,173,798,558
ISIC_0010480.jpg,ISIC_0010480_Segmentation.png,152,146,971,715,327,259,837,649
ISIC_0010481.jpg,ISIC_0010481_Segmentation.png,305,143,622,552,361,162,563,469
ISIC_0010487.jpg,ISIC_0010487_Segmentation.png,144,185,844,529,309,245,777,495
ISIC_0010488.jpg,ISIC_0010488_Segmentation.png,60,135,868,703,210,189,712,641
ISIC_0010490.jpg,ISIC_0010490_Segmentation.png,221,98,788,722,288,194,682,641
ISIC_0010491.jpg,ISIC_0010491_Segmentation.png,300,115,781,602,358,195,668,505
ISIC_0010492.jpg,ISIC_0010492_Segmentation.png,17,5,1023,767,235,8,848,766
ISIC_0010493.jpg,ISIC_0010493_Segmentation.png,252,62,931,753,357,178,852,614
ISIC_0010495.jpg,ISIC_0010495_Segmentation.png,7,12,1023,767,225,196,862,679
ISIC_0010496.jpg,ISIC_0010496_Segmentation.png,202,37,823,753,269,113,578,635
ISIC_0010497.jpg,ISIC_0010497_Segmentation.png,111,91,869,767,223,175,810,670
ISIC_0010554.jpg,ISIC_0010554_Segmentation.png,324,113,668,656,412,192,566,475
ISIC_0010557.jpg,ISIC_0010557_Segmentation.png,305,218,676,587,356,262,604,504
ISIC_0010558.jpg,ISIC_0010558_Segmentation.png,78,94,978,664,227,172,751,552
ISIC_0010562.jpg,ISIC_0010562_Segmentation.png,364,218,699,612,423,259,654,538
ISIC_0010566.jpg,ISIC_0010566_Segmentation.png,234,246,663,586,309,294,614,522
ISIC_0010567.jpg,ISIC_0010567_Segmentation.png,309,203,721,538,374,295,642,466
ISIC_0010568.jpg,ISIC_0010568_Segmentation.png,40,76,987,692,182,186,859,536
ISIC_0010569.jpg,ISIC_0010569_Segmentation.png,424,310,582,447,467,337,566,423
ISIC_0010570.jpg,ISIC_0010570_Segmentation.png,150,38,844,748,428,169,757,582
ISIC_0010571.jpg,ISIC_0010571_Segmentation.png,232,136,821,653,318,210,725,575
ISIC_0010572.jpg,ISIC_0010572_Segmentation.png,137,3,813,711,273,125,739,655
ISIC_0010573.jpg,ISIC_0010573_Segmentation.png,224,50,795,764,312,195,597,726
ISIC_0010575.jpg,ISIC_0010575_Segmentation.png,373,173,760,562,473,221,704,503
ISIC_0010576.jpg,ISIC_0010576_Segmentation.png,157,30,736,726,267,99,542,537
ISIC_0010577.jpg,ISIC_0010577_Segmentation.png,213,179,654,621,299,281,617,571
ISIC_0010581.jpg,ISIC_0010581_Segmentation.png,303,176,754,685,445,287,694,570
ISIC_0010585.jpg,ISIC_0010585_Segmentation.png,470,203,626,375,508,229,592,355
ISIC_0010586.jpg,ISIC_0010586_Segmentation.png,355,153,629,458,453,185,580,405
ISIC_0010589.jpg,ISIC_0010589_Segmentation.png,83,2,925,665,219,34,774,574
ISIC_0010590.jpg,ISIC_0010590_Segmentation.png,369,280,644,553,406,311,578,480
ISIC_0010593.jpg,ISIC_0010593_Segmentation.png,403,276,702,565,463,317,668,503
ISIC_0010594.jpg,ISIC_0010594_Segmentation.png,306,168,716,535,414,210,603,475
ISIC_0010595.jpg,ISIC_0010595_Segmentation.png,283,35,887,765,390,119,790,579
ISIC_0010602.jpg,ISIC_0010602_Segmentation.png,90,93,1021,719,326,226,888,630
ISIC_0010603.jpg,ISIC_0010603_Segmentation.png,2,2,1021,767,376,39,1020,383
ISIC_0010605.jpg,ISIC_0010605_Segmentation.png,153,0,1018,765,263,132,1016,714
ISIC_0010844.jpg,ISIC_0010844_Segmentation.png,270,126,771,645,331,233,676,585
ISIC_0010848.jpg,ISIC_0010848_Segmentation.png,265,223,642,572,341,272,590,505
ISIC_0010849.jpg,ISIC_0010849_Segmentation.png,204,32,674,708,283,130,618,663
ISIC_0010850.jpg,ISIC_0010850_Segmentation.png,233,191,582,567,288,244,522,535
ISIC_0010851.jpg,ISIC_0010851_Segmentation.png,344,162,799,640,449,338,642,596
ISIC_0010852.jpg,ISIC_0010852_Segmentation.png,348,297,694,537,383,321,639,491
ISIC_0010853.jpg,ISIC_0010853_Segmentation.png,341,274,609,519,378,291,488,486
ISIC_0010857.jpg,ISIC_0010857_Segmentation.png,0,8,1012,767,216,54,858,723
ISIC_0010858.jpg,ISIC_0010858_Segmentation.png,192,270,753,742,270,355,663,660
ISIC_0010860.jpg,ISIC_0010860_Segmentation.png,228,70,755,618,304,207,647,517
ISIC_0010861.jpg,ISIC_0010861_Segmentation.png,365,274,553,497,390,302,484,480
ISIC_0010862.jpg,ISIC_0010862_Segmentation.png,186,188,592,572,248,237,532,518
ISIC_0010864.jpg,ISIC_0010864_Segmentation.png,249,261,729,686,328,386,668,562
ISIC_0011079.jpg,ISIC_0011079_Segmentation.png,151,0,868,750,309,72,672,574
ISIC_0011082.jpg,ISIC_0011082_Segmentation.png,456,295,598,438,485,335,582,416
ISIC_0011084.jpg,ISIC_0011084_Segmentation.png,212,158,750,730,304,269,717,537
ISIC_0011085.jpg,ISIC_0011085_Segmentation.png,370,210,676,593,423,272,648,497
ISIC_0011088.jpg,ISIC_0011088_Segmentation.png,289,152,822,748,345,240,732,558
ISIC_0011095.jpg,ISIC_0011095_Segmentation.png,184,191,741,647,316,241,679,513
ISIC_0011097.jpg,ISIC_0011097_Segmentation.png,291,132,618,571,349,261,569,506
ISIC_0011099.jpg,ISIC_0011099_Segmentation.png,202,156,988,645,343,221,788,431
ISIC_0011100.jpg,ISIC_0011100_Segmentation.png,302,205,796,677,418,264,717,640
ISIC_0011102.jpg,ISIC_0011102_Segmentation.png,240,150,846,697,321,217,766,570
ISIC_0011105.jpg,ISIC_0011105_Segmentation.png,3,157,941,722,212,238,823,638
ISIC_0011109.jpg,ISIC_0011109_Segmentation.png,129,36,928,767,267,123,809,709
ISIC_0011114.jpg,ISIC_0011114_Segmentation.png,349,209,725,605,426,236,711,541
ISIC_0011115.jpg,ISIC_0011115_Segmentation.png,414,307,604,473,443,329,580,443
ISIC_0011116.jpg,ISIC_0011116_Segmentation.png,212,99,948,691,353,245,741,632
ISIC_0011117.jpg,ISIC_0011117_Segmentation.png,143,103,859,758,282,202,728,624
ISIC_0011118.jpg,ISIC_0011118_Segmentation.png,389,82,740,596,441,247,706,491
ISIC_0011119.jpg,ISIC_0011119_Segmentation.png,311,236,727,574,364,305,652,500
ISIC_0011120.jpg,ISIC_0011120_Segmentation.png,2,6,1023,763,9,144,1019,760
ISIC_0011121.jpg,ISIC_0011121_Segmentation.png,1,0,1023,767,241,3,1022,766
ISIC_0011123.jpg,ISIC_0011123_Segmentation.png,235,145,797,685,290,224,742,543
ISIC_0011124.jpg,ISIC_0011124_Segmentation.png,220,157,870,665,389,264,777,579
ISIC_0011125.jpg,ISIC_0011125_Segmentation.png,205,60,678,693,277,190,615,580
ISIC_0011126.jpg,ISIC_0011126_Segmentation.png,131,0,912,767,313,107,799,595
ISIC_0011127.jpg,ISIC_0011127_Segmentation.png,339,209,708,596,378,280,633,487
ISIC_0011128.jpg,ISIC_0011128_Segmentation.png,188,60,793,767,309,222,687,718
ISIC_0011130.jpg,ISIC_0011130_Segmentation.png,288,216,704,579,376,286,580,535
ISIC_0011131.jpg,ISIC_0011131_Segmentation.png,236,151,750,653,370,258,651,601
ISIC_0011135.jpg,ISIC_0011135_Segmentation.png,408,88,866,581,515,144,725,491
ISIC_0011136.jpg,ISIC_0011136_Segmentation.png,279,110,710,659,336,153,597,573
ISIC_0011137.jpg,ISIC_0011137_Segmentation.png,215,72,884,657,291,143,642,523
ISIC_0011139.jpg,ISIC_0011139_Segmentation.png,232,13,737,766,382,88,643,758
ISIC_0011140.jpg,ISIC_0011140_Segmentation.png,311,190,726,494,397,257,672,434
ISIC_0011141.jpg,ISIC_0011141_Segmentation.png,295,171,642,640,374,210,589,564
ISIC_0011144.jpg,ISIC_0011144_Segmentation.png,196,161,756,692,229,333,706,595
ISIC_0011145.jpg,ISIC_0011145_Segmentation.png,213,156,718,655,310,241,643,574
ISIC_0011146.jpg,ISIC_0011146_Segmentation.png,344,176,722,553,413,215,636,484
ISIC_0011156.jpg,ISIC_0011156_Segmentation.png,67,3,759,765,192,197,638,701
ISIC_0011157.jpg,ISIC_0011157_Segmentation.png,327,199,758,580,427,274,691,523
ISIC_0011158.jpg,ISIC_0011158_Segmentation.png,39,30,959,767,210,167,804,675
ISIC_0011159.jpg,ISIC_0011159_Segmentation.png,149,88,1022,767,361,270,997,678
ISIC_0011161.jpg,ISIC_0011161_Segmentation.png,18,113,936,652,182,184,872,577
ISIC_0011163.jpg,ISIC_0011163_Segmentation.png,327,226,736,541,351,260,566,475
ISIC_0011164.jpg,ISIC_0011164_Segmentation.png,388,259,726,560,451,304,677,480
ISIC_0011165.jpg,ISIC_0011165_Segmentation.png,173,238,942,662,272,315,835,588
ISIC_0011166.jpg,ISIC_0011166_Segmentation.png,351,216,730,564,405,253,620,487
ISIC_0011169.jpg,ISIC_0011169_Segmentation.png,350,115,845,663,446,278,762,499
ISIC_0011170.jpg,ISIC_0011170_Segmentation.png,165,218,849,556,252,269,706,470
ISIC_0011173.jpg,ISIC_0011173_Segmentation.png,367,320,553,519,426,362,532,491
ISIC_0011199.jpg,ISIC_0011199_Segmentation.png,432,229,698,433,474,262,627,399
ISIC_0011200.jpg,ISIC_0011200_Segmentation.png,93,198,893,666,274,268,736,565
ISIC_0011202.jpg,ISIC_0011202_Segmentation.png,338,133,785,538,377,193,710,462
ISIC_0011203.jpg,ISIC_0011203_Segmentation.png,306,43,840,763,415,174,766,684
ISIC_0011207.jpg,ISIC_0011207_Segmentation.png,394,246,649,493,420,285,593,445
ISIC_0011208.jpg,ISIC_0011208_Segmentation.png,221,170,652,412,289,237,582,349
ISIC_0011210.jpg,ISIC_0011210_Segmentation.png,364,205,535,482,398,246,506,428
ISIC_0011211.jpg,ISIC_0011211_Segmentation.png,165,177,987,693,247,255,831,583
ISIC_0011212.jpg,ISIC_0011212_Segmentation.png,4,139,1023,738,168,295,915,595
ISIC_0011214.jpg,ISIC_0011214_Segmentation.png,62,99,937,764,266,236,767,632
ISIC_0011215.jpg,ISIC_0011215_Segmentation.png,315,309,600,508,349,360,570,455
ISIC_0011217.jpg,ISIC_0011217_Segmentation.png,368,186,631,505,422,244,598,442
ISIC_0011218.jpg,ISIC_0011218_Segmentation.png,305,103,600,393,337,134,546,343
ISIC_0011220.jpg,ISIC_0011220_Segmentation.png,480,233,683,426,518,270,658,391
ISIC_0011223.jpg,ISIC_0011223_Segmentation.png,369,214,668,593,456,277,637,489
ISIC_0011225.jpg,ISIC_0011225_Segmentation.png,499,352,685,518,548,393,632,475
ISIC_0011226.jpg,ISIC_0011226_Segmentation.png,197,92,865,717,531,252,820,673
ISIC_0011228.jpg,ISIC_0011228_Segmentation.png,137,139,796,651,325,254,664,602
ISIC_0011229.jpg,ISIC_0011229_Segmentation.png,97,0,806,764,314,279,739,626
ISIC_0011230.jpg,ISIC_0011230_Segmentation.png,303,158,752,504,388,253,611,453
ISIC_0011295.jpg,ISIC_0011295_Segmentation.png,209,3,814,767,284,124,744,600
ISIC_0011296.jpg,ISIC_0011296_Segmentation.png,259,151,715,602,358,195,622,486
ISIC_0011297.jpg,ISIC_0011297_Segmentation.png,246,202,702,575,402,280,601,525
ISIC_0011299.jpg,ISIC_0011299_Segmentation.png,166,44,832,706,261,119,753,616
ISIC_0011301.jpg,ISIC_0011301_Segmentation.png,285,116,843,628,357,235,738,563
ISIC_0011303.jpg,ISIC_0011303_Segmentation.png,150,187,562,504,204,245,448,466
ISIC_0011304.jpg,ISIC_0011304_Segmentation.png,236,282,602,519,295,310,526,479
ISIC_0011306.jpg,ISIC_0011306_Segmentation.png,237,195,787,519,261,270,730,422
ISIC_0011315.jpg,ISIC_0011315_Segmentation.png,220,80,844,609,295,175,740,519
ISIC_0011317.jpg,ISIC_0011317_Segmentation.png,455,195,666,433,506,214,631,400
ISIC_0011322.jpg,ISIC_0011322_Segmentation.png,161,14,786,767,392,153,647,719
ISIC_0011323.jpg,ISIC_0011323_Segmentation.png,297,40,587,671,382,185,519,543
ISIC_0011324.jpg,ISIC_0011324_Segmentation.png,395,95,719,630,457,216,648,540
ISIC_0011326.jpg,ISIC_0011326_Segmentation.png,154,106,625,717,318,198,563,439
ISIC_0011327.jpg,ISIC_0011327_Segmentation.png,137,141,1023,549,214,203,948,466
ISIC_0011328.jpg,ISIC_0011328_Segmentation.png,319,113,740,737,389,201,695,611
ISIC_0011329.jpg,ISIC_0011329_Segmentation.png,7,18,1021,767,91,118,949,719
ISIC_0011330.jpg,ISIC_0011330_Segmentation.png,270,299,631,555,301,359,578,507
ISIC_0011331.jpg,ISIC_0011331_Segmentation.png,233,117,789,610,394,300,661,555
ISIC_0011332.jpg,ISIC_0011332_Segmentation.png,124,80,852,739,264,188,741,617
ISIC_0011334.jpg,ISIC_0011334_Segmentation.png,2,1,1023,767,121,2,1023,763
ISIC_0011339.jpg,ISIC_0011339_Segmentation.png,340,149,843,654,435,249,788,455
ISIC_0011341.jpg,ISIC_0011341_Segmentation.png,374,268,830,596,483,324,763,529
ISIC_0011343.jpg,ISIC_0011343_Segmentation.png,299,161,665,632,393,279,602,539
ISIC_0011345.jpg,ISIC_0011345_Segmentation.png,412,56,689,610,478,180,617,520
ISIC_0011346.jpg,ISIC_0011346_Segmentation.png,250,200,745,553,357,249,666,487
ISIC_0011347.jpg,ISIC_0011347_Segmentation.png,3,53,1021,767,125,280,972,763
ISIC_0011348.jpg,ISIC_0011348_Segmentation.png,13,36,1006,763,161,149,799,713
ISIC_0011350.jpg,ISIC_0011350_Segmentation.png,0,4,1023,767,153,138,1023,766
ISIC_0011352.jpg,ISIC_0011352_Segmentation.png,109,59,912,692,239,168,638,591
ISIC_0011353.jpg,ISIC_0011353_Segmentation.png,327,288,629,502,387,322,581,470
ISIC_0011354.jpg,ISIC_0011354_Segmentation.png,476,269,646,434,499,292,625,407
ISIC_0011356.jpg,ISIC_0011356_Segmentation.png,0,0,1023,767,1,0,893,764
ISIC_0011357.jpg,ISIC_0011357_Segmentation.png,224,199,614,523,307,227,553,462
ISIC_0011358.jpg,ISIC_0011358_Segmentation.png,156,152,773,599,284,231,662,547
ISIC_0011360.jpg,ISIC_0011360_Segmentation.png,0,1,1018,766,122,138,816,729
ISIC_0011361.jpg,ISIC_0011361_Segmentation.png,0,8,1023,766,160,113,826,632
ISIC_0011362.jpg,ISIC_0011362_Segmentation.png,282,68,705,611,414,258,661,515
ISIC_0011366.jpg,ISIC_0011366_Segmentation.png,178,65,873,645,248,196,797,531
ISIC_0011372.jpg,ISIC_0011372_Segmentation.png,329,311,558,499,351,331,513,458
ISIC_0011373.jpg,ISIC_0011373_Segmentation.png,1,4,1022,767,224,341,941,764
ISIC_0011378.jpg,ISIC_0011378_Segmentation.png,304,36,702,636,432,209,647,572
ISIC_0011380.jpg,ISIC_0011380_Segmentation.png,379,103,820,700,425,187,749,631
ISIC_0011382.jpg,ISIC_0011382_Segmentation.png,226,190,921,714,411,308,806,671
ISIC_0011383.jpg,ISIC_0011383_Segmentation.png,416,181,832,518,507,216,755,465
ISIC_0011385.jpg,ISIC_0011385_Segmentation.png,193,250,738,716,299,291,663,609
ISIC_0011387.jpg,ISIC_0011387_Segmentation.png,145,0,1020,764,413,45,1002,577
ISIC_0011390.jpg,ISIC_0011390_Segmentation.png,1,1,1023,767,153,3,731,514
ISIC_0011393.jpg,ISIC_0011393_Segmentation.png,440,217,659,457,476,249,576,424
ISIC_0011397.jpg,ISIC_0011397_Segmentation.png,68,81,914,602,247,214,798,494
ISIC_0011398.jpg,ISIC_0011398_Segmentation.png,222,115,838,766,344,182,755,643
ISIC_0011400.jpg,ISIC_0011400_Segmentation.png,356,235,804,686,444,306,699,558
ISIC_0011402.jpg,ISIC_0011402_Segmentation.png,0,73,1019,767,13,263,785,765
